url,created_at,content,comment_count,hahas,likes,sads,loves,cares,wows,angries,share_count
https://www.facebook.com/xalo.zodiac/posts/pfbid0CWRr1Gigfyqoab5o1UeSFubdAorRrrbcnoy4P9R4APV7NLZDJj7oUhLwvzKV4Wful?__cft__[0]=AZUOxYkeJ9VbHbGaBF81kXmIlvfuqn7i7wfuCcS0zQnhln0A222c02qhiUOPFCo5bL5ijpOyAiqP2ewCUbfFeBQNAcDTSRg08X--lnW75ZW_67l58g8Ns_zDwuiuqvg1wDoSIPvn-Z9F3s6Cgx9ycc4p0Yx5dXDQQaf4Q8mJB6N5GhMPOEu6BsoQZD_Th6AHKdIkPcWEGKhz1PhyCgwhj9KG&__tn__=%2CO%2CP-R,1701529381,[Series] Review trải nghiệm yêu đương với Ma Kết,4293,1655,4245,172,738,49,19,3,523
https://www.facebook.com/xalo.zodiac/posts/pfbid02XiNY1jPvHmpLmB5gkYttbFToBThHAxpaEbAzN7r2zye6QMaUYFokgaAdRZMZH1csl?__cft__[0]=AZVKSdEgTZ2Its9zTXy039sM5TS7x6zO1jexOtXsajwe_VMGQGo0Iylmq_IRJxKBn2ryo0_MwAtePOv8mN5UO60LSbF8SjwpU2PM2bqUySr9KtipgeQI6AE1ZDX7aLipJ6_YAqwxKbEV03EL40EoSrWO7-oIYPpT_8wwTN1_GMdkBtp-7NgHCXMiNTxYqO7bQ6uMJMayrRiITGrEbP6mDa9W&__tn__=%2CO%2CP-R,1701440072,[Series] Review trải nghiệm yêu đương với Bạch Dương,4769,1958,4450,705,239,39,31,5,581
https://www.facebook.com/xalo.zodiac/posts/pfbid02tNWsKxxFbSyUG5gAEWBZ5TuH9AG45RYHoekbm8RuTbm5LKtL3i3QcqjF3Fw9s5BCl?__cft__[0]=AZWLPxt1npSMSMKfPPgkr_Z1IVl_eEthgd3lANhRMvPAB36de2VixbOY9PNqnr7UjaMSF8GSf1sO-mVqfvBrlmwkaf7ltd5yzpt79q1vFwNf63P0pp9B-6DHBtPDt7YK8-0_e6ZPpaoVvZoI0sYWrFbj4PAOkHJGIAqAePNjHFkvvWYSD3HtIWd5Tj9cE8M82VmQVcRJXA0F9KlFAYDFG5TD&__tn__=%2CO%2CP-R,1701360557,T tưởng t ra BTVN rồi bây nộp pài á bây ơi ,173,9684,4280,2019,63,16,16,0,65
https://www.facebook.com/xalo.zodiac/posts/pfbid02jXms4SUNu1N6MsSGBgCFQpsHUQ1Ni3pyKxAXfQ4ohZsRrf7vfZvR8ueLSdy7GgFkl?__cft__[0]=AZUlBf9cfZDWDpHxZvO7d4kaCxQ9HjEhNcCpI2P3PBz6F4ZMjBfDzG-sam2Vk3Yu4QxKDnoNKJTj7IPwGXX3AEgRuYea0dqqq1-18wdHnUD9L2QhEztu7pGwDm0_MEx25z-07FtHNF84wWXIoQEAxl93USVPsqR3m7IZFsiW9RGVEIgC42OrmupbJ76GHtZcfQwww3CsYQ1qYIgwmFgeYfas&__tn__=%2CO%2CP-R,1701358586,"Drama “Mình tính không bằng người ta tính (Phần 2)” 
#thienbinh
#zodiac
-----
Miao bé tí",234,1807,1495,69,58,8,3,2,85
https://www.facebook.com/xalo.zodiac/posts/pfbid02i7KZ3ReXykqYJKidWvNi3r42WDcsrkz7VStkqPStyopaMwXm7ymKydpw32Gdr4h2l?__cft__[0]=AZWGJsLKYlykH-Dstv_bNr4s9uBovlZXW75Xs725OZFrnL-0mZsr4renukTcsk2SsmfxBnedw062GU9yVOpMZs_ZCi6hnXnOhAel1Rt2NolZCxLAyB8cKaCg_qo-5AECbaafiCNoLCsF8ungFoipg9iB4RlriM2_ho3LjShIS89J1DMnXGruix4cWzJsnI8LR5O3fiTkpTIvXUxGlKHS2z6g&__tn__=%2CO%2CP-R,1701350870,"Mê cái cách họ tiêu tiền :)))
#zodiac #xalozodiac",434,2807,2200,788,77,12,3,0,117
https://www.facebook.com/xalo.zodiac/posts/pfbid02WfS1YAyUabhSX9cRQYup53M1tk4McXAWRuCBH5r76qxAj1G64gGDLqsmkgkMEUbZl?__cft__[0]=AZVowJgtb5PGPsf88sXY0gSl7-InoVGqTLU0lphoclSQ75XJEp0lpju0cJEb7IYREOOjIH60wWDY4lqLQlgf3orX8m77apu--c7pk-Q-7srr5oJn-Bp6eYtWkQJWbqRdo9lPMc9Y6ZMnT7IfuWs5VEogmacYMsg9sb-Bu4b4lWHp_VmV4mZMIbSnFo3N8I-DW8k1fsh9uGEr9DAPdFeEF3OK&__tn__=%2CO%2CP-R,1701264892,Flex Spotify Wrapped của 12 cung hoàng đạo,3174,1633,3900,43,164,21,2,0,168
https://www.facebook.com/xalo.zodiac/posts/pfbid0bAZ8jD5sao5Cxjr9cwbMHaJ5kLBcoiQfrVdqGtyoCLoSjvWs7Z7GTWncFPh9EJHNl?__cft__[0]=AZUAwcp0LKeIoUokZpRlrG-gSPjkgCHfHEYLInknFaN_4jwN_nWJWN40XUpbJEU9mpa-o48iQDhgbztlIbWp135IpaXf_E3Mh2CH2b4vHb839Vui725SUi3l6GQNVzE3fRnxoArEy_cowKQEIRNHw-uCw8Sz6H1YjcbGUXQ5GQdpS03n3ngiJjvPuk9sfy3Jnzd4F2zbKlRauDH3sNpmVHmZ&__tn__=%2CO%2CP-R,1701262205,"Khi còn trẻ, cung Lửa đi học về là set kèo đi quậy, đi chơi banh nóc. Còn cung Đất ở trong nhà chăn ấm nệm êm.
Khi lớn lên, cung Lửa đi làm về là chỉ muốn nằm trên giường bấm điện thoại, chả muốn làm gì khác. Còn cung Đất thì skincare, chăm lo ăn uống, đọc sách,...
Cái này người ta gọi là thời thế thay đổi ",844,4150,5135,295,545,36,9,0,255
https://www.facebook.com/xalo.zodiac/posts/pfbid0KFBZgRAJNuxmK9FynsxrgMuHFwS4uvD8XxL1dF6x1nqfroCpQ3wcupq9rxDV8hGJl?__cft__[0]=AZUTpo17CzNIekZOPpSO4b7qWhD7dq3CcuGzrNc5FcUdULzMY0UYQwGjoZ5tYbbODkIa8mZ-YW4qVDHmLr4qgewH7Obp-WbLuyLvL4Ot5sK1EwWpFZ7g12GWCKmYLDOYZPu_r3Q7mT3F7elHyo44N41jRrEje-xMgyv_X7pO6ku_U3gckBNS5a1FD-dKqg3-gur_HENDLK-ZL51rpt9Ss9_7&__tn__=%2CO%2CP-R,1701241467,"Nếu bạn làm tụi trội Khí đủ hứng thú trên 1 tháng, bạn winnnn 
#trasuaolong",1868,4390,4831,1060,150,24,40,0,417
https://www.facebook.com/xalo.zodiac/posts/pfbid02VQG8VcwaQyAmZwyzp82VrmW6fvEdmXi8hL6YSuTEsohF1dHqum9TUQw6CxPadYxcl?__cft__[0]=AZXUtpkAO87CiV0hZ4uDvS8nOk2CLSRuuf0pq-QWVxdyZMBNMKLX8D5o2vTk6t4l1wANN7KkeEdIt7Lhz2x2Rnq_AQ6l_GyXFb5NkNk1hmp3BJhAHNjwLptMa6_LOweEWuMy81Mlw_eBaYGv6AOmkBd_fLXV_tu4yiWA0LASEyOrQXAs50sOXhx1N8k7pO-0tQ490dfGLCcxKrmjuWFgDPED&__tn__=%2CO%2CP-R,1701191069,Không ai flirt mượt bằng tụi cung Đất =)),3060,4519,6141,1818,154,38,75,4,673
https://www.facebook.com/xalo.zodiac/posts/pfbid0Um8ZowENCVgm6ukbKYowStoVX9ocqj6eKRgDXJE46QYYWVDRvHrjhBPF7kaom6L2l?__cft__[0]=AZVz1nBqepISib0r-vIu3B7nI_UtblmHr-J5lPmhT0cmkIrb65hc-DwSHK27iwwEPU4yyHbM8xtawsFS3kCgJMGeFaxJ5ld07E1rO_4FY1w0UXykEezNFIy_ONoIgwbGiLOlSqSzjLFY_V5iO19F86eDhdheEBPzV3CKY_3N1dIuweV6puyCt6TF9Vz47p1C-OcL55Ssd_fs5tYmP2fHjEUe&__tn__=%2CO%2CP-R,1701183514,[Series] Review trải nghiệm yêu đương với Song Tử,4687,1855,4451,256,549,41,27,7,533
https://www.facebook.com/xalo.zodiac/posts/pfbid02JtYNJ8FqKpgvkcbzrSLX3HVv8jvKSVtpvT1gJznjwhRQpreQSnqSthifzSpNiLgCl?__cft__[0]=AZU-h4YPg_aPaFDnBogl1CxknNqoaUdwbCYXgsOzMhtpZjSBPXZljm69ednND2ItL0NYGw_Qgm2ske5Qwa45mpeqX4OnJIop_SEjd7GAL6FRV4jQqY3yV5sMQZVmxUsvpzsTNTX5hRGt3yhBmP9IHRrhSyQ6rp7viVknhtpCh6pmxxhf6a1kuEqZyEvp2tERFFBC9-P4vzq2PsM_8b25VHzl&__tn__=%2CO%2CP-R,1701169547,"Bọ Cạp, Kim Ngưu, Song Ngư, Sư Tử 24/7:
#trasuaolong",1953,9077,6693,2974,193,35,45,4,561
https://www.facebook.com/xalo.zodiac/posts/pfbid02BUugLq8T82NK2iDLjUrxsD51DSYzkpLoxDvCSh3nDMF4uyrk9zimE4J1hH34T3Czl?__cft__[0]=AZWmhdqR_JpF_QYFTSSzUXJvnci7AsyQbcO-VD3k2v-fPlVBGsUTcemK5gM0CgO2pYOjojJgohLXtw-jEORmnHDsJ_RVlkz33Y_VoqwwLLSImG6364laduRUgVwK9GBopt4IzR2-xiqrWrbZbPhvushs6Qo_9eTTfeKH-UEOd6U_mkYoyWxXmskg8LHX84XpHehIPPYiQoWQZCpFFSTPbLQq&__tn__=%2CO%2CP-R,1701097782,[Series] Review trải nghiệm yêu đương với Xử Nữ,6618,2389,5569,1159,245,51,31,6,746
https://www.facebook.com/xalo.zodiac/posts/pfbid02DUZajTPnGHYG4TmofD2xamxnqMhkmy5h33dDFYVadgbBdvPyuLwVdS53jgLCSM1Al?__cft__[0]=AZWQVXaJvcrz6NEMbRXVRHBXRvjZMrsEkQ8lHxwtw6ngJAP0GbTC8hPkimtGKmTSp0nAoThXT7nzuZPIF6haHr71mlxioL_Pks21_mqwzp6Sjstq_rkeuOZ9qJoQ9WsqFR_1raPLDCfTH5uhKiqN2Ij2_01lqLly7sMDVww7D1fdhWaB1eLK4aVfDSFwminWSqAQWgJa1-izlC01DsUYDLYs&__tn__=%2CO%2CP-R,1701090863,"Thông điệp tuần mới cho 12 cung hoàng đạo 
-----
Nếu bạn có nhu cầu xem Tarot và Bản đồ sao hãy inbox trực tiếp cho Xa Lộ Tarot nha ^^
#tarot
#zodiac
#xalozodiac",714,61,7970,75,5208,135,8,1,2962
https://www.facebook.com/xalo.zodiac/posts/pfbid02vd8ZAMchvfS2gA1m8KJPjEK3wVDkEXkrwRMQrWsQwCU7o1zHrJEmfbCYXF54xd59l?__cft__[0]=AZWQW7moG8tfhIDOHOhcd1HctFkmUWUjqxS5auwjpRHaJEXneWhGLhLTIJzeVrU2vgcuvGRKS4uD1lW9G5aw0QZLOp50VLqtYoc4tWn06xO6sMmmbGbONzX_38cGBkEdSZQ8azaDcgzcYiMTqOMyqhpvgSFPydD4uXbWdLM5ol6NrtGDo-QVHejs6TzvLBJnaeJ6FRODHRN5PGBTBnpJi1vP&__tn__=%2CO%2CP-R,1701084092,"Cách suy nghĩ của Kim Ngưu:
""Ai lại thèm thích kiểu người đáng yêu như cậu chứ"" = ""À hóa ra người ta không thích mình""
Cách suy nghĩ của Song Ngư:
""Tình cảm anh dành cho em từ trước đến nay không thay đổi"" = ""Anh ấy lúc mới đẻ đâu có iu mình, vậy ý anh ấy là cả đời cũng chưa từng iu mình 
"".
Đứa nghe sao tin vậy, đứa đem triệu năm tiến hóa ra làm căn cứ suy luận ",809,3685,3320,1244,94,11,9,3,205
https://www.facebook.com/xalo.zodiac/posts/pfbid0eRbcN2XkbDsAR5wPpsBPTJdzZVyhyKsRP7XbCuDBusj4ypqN9EXekWMpsDZq3Bq1l?__cft__[0]=AZUY2rKUFKOLI-Tn6HcSlMhoClBmO2ILH6CDcjEGH4xpwtZ_QHySibHGiySNol31zytAHXxVOrnfPu6GWLoFRrHiDLwbnXxtPZhZVroeG-I4_Gna4pWgEWDj70RD-kFmdjt7avtRpDpObrkKNcj0rCZ2xtOH_37t2uaTru9iFPRu2gBL3gAIYDWa2yIMUWZsBnzrSo4uoCNXt9uK_YdU6-jF&__tn__=%2CO%2CP-R,1701011953,"#1 From: Kim Ngưu
To: Song Tử tháng 6
Mùa đông sang nhanh quá. Em đã chờ anh cả một trời thu. Nhưng có lẽ để nhận được lời hồi đáp của anh là quá khó. Hôm nay trời lạnh hơn một chút nữa. Anh biết gì không? Em lại nhớ anh nữa rồi! Mong rằng “đằng ấy” của em vẫn đang vui vẻ mỗi ngày. Đừng để bị đau ốm nhé, anh phải sống thật khỏe mạnh vào. Đừng tự áp lực công việc nhiều quá nhé, hãy cho phép bản thân mình được sai, được sửa. Hãy tạo ra thêm nhiều campaign ý nghĩa cho người dùng nhé, và cả nhận thật nhiều giải thưởng nữa. Hãy kiếm thật nhiều tiền và đến những nơi anh thích nhé! Dù không ở cạnh bên nhưng em biết rằng anh đã, đang và sẽ luôn sống trong ký ức của em thêm nhiều năm nữa…vì sự dịu dàng của anh, sự ấm áp của anh, cả sự tốt bụng của anh…mọi thứ, em đều yêu.
#2 From: Song Ngư
Mấy bạn nam nhân mã thường thích gì cho ngày sinh nhật á, chứ sắp tới ny tui mà tui không biết tặng gì cả
#3 From: Thiên Bình
To: Thiên Bình T10 em bé của mình
Xin lỗi vì mấy tháng nay đã không thể bảo vệ được chính em, hi vọng là sau khi em vứt bỏ mọi thứ trong quá khứ đi rồi, em sẽ là một cô Thiên Bình đầy xinh đẹp và yêu đời. Mình biết là em đã rất cố gắng nhịn khóc cố gắng để vượt qua căn bệnh rối loạn lo âu mà bác sĩ nói vs em, em đã rất mạnh mẽ và bây giờ là lúc em nên yêu mình giữ cảm xúc cho riêng mình thôi tự khắc cuộc đời sẽ nhẹ nhàng với em
#4 From: Bạch Dương
To: Nhím của em 
Một chiếc bạch dương anh hay bảo overvotu yêu đương với một chiếc song ngư anh tự nói overthinking tưởng không hợp nhưng em nói hợp là hợp. Nhím yêu ơi, lúc nào em cũng ở đây nên anh đừng nghĩ mình cô đơn nhá, em luôn bên cạnh anh rồi nè. Thương anh rất là nhiều luôn 
#5 From: Nhân Mã
To: Gửi ad-tui ko bt rõ cung hoàng đạo của ad
Thề là chưa bao giờ tui yêu cung hoàng đạo như này. Mấy cái post nó khá là đúng í, đặc biết cái gần đây hình như là ngôn ngữ yêu của nhân mã, bla bla. Từ con ng khum tin vào mấy cái ni, tui đã đợi để xem thông điệp hàng tuần của ad. Nc là siu đúng 
 Thanks ad đã giúp tui có thêm động lực và sự chuẩn bị phù hợp trong cs. Gửi ad thân thương. Bật mí là tui có 2 nyc là Bạch Dương và Cự Giải. Công nhận Bạch Dương hợp cung tui thiệt nên h tui vẫn thấy hợp cơ mà chăc ko quay lại đc âu 
 hơi vô tri 
=> Ad cung Kim Ngưu. Chiếc confession này đáng iu quá nhé, xứng đáng được ad bế lên.
#6 From: Bảo Bình
Mình cảm thấy bản thân khó có thể thật sự thích một ai á, kiểu như tia rất nhiều anh nhưng mà chỉ cần anh đó được theo đuổi nhiều 1 chút hay 1 vài lý do cỏn con mà mình sẵn sàng uncrush. Rồi cách vài hôm lại không nhịn được mà liếc nhìn người ta vài cái và mơ mộng chuyện gì đâu không á. Thiệt sự không hiểu nổi mình luôn, liệu đây là đặc trưng của mấy cung Khí hay do tính chóng chán + hèn mà ra vậy trời huhu. Ca này còn cứu được không ạ:')))
#7 From: Ma Kết
To: Ông chú Sư Tử vô tri
Cảm ơn anh ngày ấy đã đến bên em và chữa lành những vết thương lòng vốn đã rò rỉ máu. Biết ơn lắm những lời an ủi, những món quà nhỏ xinh và cả những lời yêu ngọt ngào của anh dành cho em. Mặc dù khi yêu em khá khô khan nhưng thật may là anh luôn hiểu và yêu thương em. Cảm ơn anh vì tất cả
P/S : Ước sau này được anh ấy cho tiền tiếp=))
#8 From: Bạch Dương
To: Xử Nữ
XN các cậu hay bày tỏ tình cảm thế nào vậy? 
#9 From: Sư Tử
Dù biết Sư Tử với Bọ Cạp không hợp lắm nhưng tui vẫn thích Bọ Cạp một cách kì lạ. Nó hút hút kiểu gì ấy :))) Tui còn thích cả Bạch Dương với Kim Ngưu nữa tại thấy hợp á. Có ai có bồ là 3 cung này có thể kể tui nghe đc ko, tại thích nghe lém hihi 
#10 From: Bọ Cạp
To: Gửi chú Cự Giải bao đồng của mọi người!
Hehe chị muốn nói là nhiều lúc em thật thờ ơ, lắm lúc em quan tâm nói những câu dịu dàng mà chị chưa từng được nghe ai nói, chị thích lém lun, mê lém. Nhưng mà em đối tốt với nhiều người, em lại không đối xử tốt vơia bản thân mình. Chị chỉ có thể lắng nghe em, em chữa lành cho mọi người nhưng em lại chẳng thể chữa lành chính mình, liệu em thấy cuộc đời nó như thế nào? Thế nên là, chú Cự Giải đáng iu hãy chữa lành chính mình nhé. Chị thích em, thích với tư cách là thích làm bạn, thích được kể chuyện của em cho chị nghe.Hehe
#xalocfs #zodiac #xalozodiac",961,1113,2971,72,1404,55,13,1,101
https://www.facebook.com/xalo.zodiac/posts/pfbid02JRnVWUM3so9eu8mH26VP23LLfMQKu9ErEjzsjzdR8pyj5QxyvigsMgKiHurn5pVGl?__cft__[0]=AZWeoJz0yUk8EW_GL_FxoUnoP7a2YvYZ9Vm9ix6soVtzNBPT9MWPr22m0bftCqJRjKZZOMT3r5i0qj0aG0R0Z1qLYPnjQmBAaFTCcuCRRjXOFvQSSbaufwXsnD9KRJ0QZMgv4Go4rdFMNGatIGukTSgQWpDgk-nfzJgXic9h-anJLSGeNZocQbb2bYuE4JI8zWGbwdLMT6w8XX0pfgw9MWg9&__tn__=%2CO%2CP-R,1701007819,"Không cáu ai được lâu :))
#thienbinh
#zodiac
-----
Ghét sữa dâu",1490,3975,3304,1907,78,26,16,5,469
https://www.facebook.com/xalo.zodiac/posts/pfbid02gPcSYPaJNyW4jtgEcSnvVKmsNuF3CTKLKQQRV5ziTpPuTMe2gJrtdb1rJp1N7NmKl?__cft__[0]=AZWq5gnHoxU5UNa_zkonRhomk5Wy7bJhej5dWwBMRHwKiQQsG29ucryjwqvjn3qgOXu5_ZmGBEymWQAN7cvjLGBZ9Yr8q_6OMsy1YWmtA41o0Kw0ZOgOOygGS7PCZsIks4bFgpLDqwtpbnjnXYoWAiWhWDBoBbm-Go1TaZpPbSZLBNPYaeWt3W-9gWwVWuqEii6riORZbqwIfg-csjhXL_a2&__tn__=%2CO%2CP-R,1701001394,"Có căn lắm mới thấy được :)))
#zodiac
#xalozodiac
-----
Twila",486,3676,2421,673,91,12,11,1,145
https://www.facebook.com/xalo.zodiac/posts/pfbid02z6qmmSyLnNnUuLXuYiEhWPE7GVy4u6Q2FWERVUPrVZ4gYCxfbUwyjjRiKBxYnLv8l?__cft__[0]=AZWwOJhWGDPJqWI9cisAdRfPq7AIWBOlzNboTnNhP94bCT9AwJ3UrhEaEjeRBB7rCIVNVMUaIBE68enhWrgbbMkuIoBE1o_HChieXr1Ryqtgkzo1XJQvN6zuW7FkOwPWuNzHUtAoujB1Xx6H-4tcFFhSoMFttAdGmjYGqTMsgMsoUYRN0xfY1anBT-_dEdCuPBR93V4thrYI40K_g622f4rf&__tn__=%2CO%2CP-R,1700998860,"Tôi thường ví cung Song Tử là cung của sự khéo miệng:
- Khi đứa Song Tử ưa phối đồ xấu: Ôi, bộ đồ này đẹp quá, nhưng mà trời đang lạnh, khoác cái áo khoác này vào cho ấm người, bận ít vải thế.
- Khi đứa Song Tử ghét phối đồ xấu: tớ chưa thấy cậu mặc bộ nào đẹp như bộ này, cho tớ xin tên shop với 
.
Tôi thường Ví cung Bọ Cạp là cung của sự ác miệng:
- Khi đứa Bọ Cạp ưa phối đồ xấu: Mặc cái áo khoác này vào, nếu không ch* nó còn không dám đi chung với m chứ đừng nói là t
- Khi đứa Bọ Cạp ghét phối đồ xấu: Gu ăn mặc của bạn là tham khảo từ tác phẩm nổi tiếng nào thế, tranh biếm họa à?",2081,7170,4968,1720,158,33,18,2,409
https://www.facebook.com/xalo.zodiac/posts/pfbid025NXF9B1nZZJLGtNdEtMinJUBu8tAYL1iVA97t9Q3NF9HwaYnDajAaTxc7kaHoBhQl?__cft__[0]=AZVVfC91S0u24JPtPFL_Bu-lJBTb-U9pDjgJd7hguLv71XaW3VvT3dxmkuEMYm1CiltL1fmp9nv2ueDCensSAe26UrXW3HNGevEgSlKGr1nxALfoHDSVgzvyJLhsizKUtwYHnz_9aYP2ozec3LMzcH9QGcArmCpX0LKA3xyS5a2as7I8lTj9wSienR1Z8eBmfkI3GA2mRWnxXjdeepEgwnJ9&__tn__=%2CO%2CP-R,1700962391,"Trung bình nếu bạn nhắn tin, tag Kim Ngưu, Song Ngư vào giờ này, thì khoảng 4 tiếng sau tụi nó mới rep, vì tụi nó còn đang ngủ 
.",1680,2951,3435,1116,99,14,15,6,131
https://www.facebook.com/xalo.zodiac/posts/pfbid02j5ZfBoLU6Bc4jk524eZv7YZTs67UB3RhJh2UwKh3MVxtWJ1cZekW5vfTRGKyKvBxl?__cft__[0]=AZWiAcnp6vAhb0or7RdyuuiXWn3bE8ZvOfZcpzNVm0ubsMfDPSviad3wXlWWRLKnrme_MNZ-X4GU6U9jrn4TX9M-6EkHeaFzYtYv1pnnTJQN4W_eN6KTjNLmz-09MIH45b-1c-HdPbpzzMdonzZNPKWHdIr33Kt3Vnt65rRERJiLr6jIoyCydaS9CbtHCCQZysn2Np7nu4mvTQzpqxJl0cpB&__tn__=%2CO%2CP-R,1700929445,[Series] Review trải nghiệm yêu đương với Cự Giải,4865,1917,4815,782,257,49,27,4,538
https://www.facebook.com/xalo.zodiac/posts/pfbid0mo9vcEgKKSV1Mb2YJNQDe5fKqNfd2iqYJ2JMf8gTUFrbkeajgQdFFJcpSi6LsB7ul?__cft__[0]=AZVT_EN1-mJmTbABl1ggjtCKT-Tb09i6hIEorlttFXH2fKnkgxH7jGUkmYWmPcGd-cE9T_08QjWMPEEfzy8LrYJFYAxisHacnnT172Q2iOMzdCjipZGZytnjH4Av49TQlEqFd2RNUfntPeBNYgD_94PirRX1jtkB_GafHLxSLd2LghRkYx1k5P1ijnqraPfKmgUm5shnDBX-R0qCgipaRex1&__tn__=%2CO%2CP-R,1700925060,Thứ 2 mới có thông điệp nhie cả nhà iu,517,111,4748,2850,1096,74,11,20,25
https://www.facebook.com/xalo.zodiac/posts/pfbid02aXRRfqwEfff6B8Km7Tn9JRgRcdqqD4qiMj8qqPX4MBoaBsmhhSaR8EzxfAAcfUWml?__cft__[0]=AZV8uE8Xhhb1YWieNjYT5KhnpxxoMGqsbGEGrasMUFEJapHs4IkoEs1-AektDKDzIpO430uwygX7liOs_uuB3G4qo0iSA3czR7yxr9CizFJ9MCy4caJ7IzT2_Q7tp2RttmRDBwPIHShyGYelZ_2U-_Wl7C9B79t9KdOX1obx0ZodPsPIhKk0PYNiGCvF74-b0QSi4xu-7VkRcXPmfMkyxzA4&__tn__=%2CO%2CP-R,1700906234,"Thở nếu bạn từng crush cung Lửa
#trasuaolong",3297,4509,5439,2022,222,37,23,9,442
https://www.facebook.com/xalo.zodiac/posts/pfbid0EW5oGNGDVoXUKzQzUfUDF55kYYfUXJhaANsBVFZnrADBn6eCgDRKYNv9S9YWwdvgl?__cft__[0]=AZVDQgHaorOJ6Zv6ZN8AhSRPeYKgQzWnTlGSfRjyv2CF4iAJ0QVbGbkOV51TYLvpwYmN5mPRxaKks2QogZnrDGjvGcmyVfaYgDVryxamYvQ883wwwRdNRq7q0pAqE1XLsR8-kB3WDvMbop7XtgKd33pvdgTCCLClKJEtQZGI4ANkN9JuI704yI39jicW7QlKQsxL6AuOfC4P-pAwUkkN4PQW&__tn__=%2CO%2CP-R,1700834454,"Quý lắm ms đặt ák 
#zodiac
#xalozodiac
-----
Men",1901,4538,2866,102,568,62,19,0,336
https://www.facebook.com/xalo.zodiac/posts/pfbid0FGrnnE4iHkEGt8fibCgQfBKEESctjicMvL2CuPVkLy7mcQwNzPEjfrXH5WwRSptsl?__cft__[0]=AZVjzDaW8alBBOlVxJYV6tu3ECcYugyBCS6eiuc8JRl8Q6iOaLQ6ZLtlgBh7GvzGblK-dHuLvaY7lPUQzNpWuaeOOqmq5LRE2HUo7W7e-4lDI4ezYkZSpLB3yHnwunm0RTGqEZQmzZeE_QPNWlpYWgg5HxYjdUBpU39rWPzBfLnNQvRreFSkMukibD66znPpi_IPHg_yiOPSyJ1RCTTW8Co7&__tn__=%2CO%2CP-R,1700827235,"T mệch r nka nhỏ kiaaaa
#kimnguu
#baobinh
#zodiac
-----
Mèo con",308,2419,1604,379,27,9,2,1,44
https://www.facebook.com/xalo.zodiac/posts/pfbid034ttdpgAeFaADFgN42tGH8aoqdnsVUFZAwMWDRqGKhyYcdMwBFVnQiBTJP1A5Dg5ol?__cft__[0]=AZXYYIX2CH2cCb2R4-wxkD0e9c6l5P3ye_6CwvMkAbDCCLgIAJgJFUH1eAaenQvZasSd0_ujw5wQjQMYN3SxOOTp6TVDTqZcF3nAVuPVKbUER1ZNRwOmFIIRPyQZrrfoQaQbY6HDlB6zocBedOK8Vd7UwF8lFM5Dqx0eOqlU_2dSkWtGuOjFUoU5RQ302fXI4t1Y6T5E-thMZq_UY7CuOiJZ&__tn__=%2CO%2CP-R,1700817053,"Khi ai đó hỏi suy nghĩ đầu tiên của Bảo Bình về họ trong lần đầu gặp:
 Dễ thương, hiền lành, xinh đẹp, hài hước,...
 Tránh xa tao ra, tránh xa tao ra, tránh xa tao ra
 Đừng có bắt chuyện với tao, làm ơn,
đừng mở cái mồm ra trời ơi nó mở mồm rồi kìa
 Mày thử động cái tay vào người tao xem tao la lên đó",1478,5515,3797,438,122,15,6,1,385
https://www.facebook.com/xalo.zodiac/posts/pfbid0KwUuNSJEnm46yNLUA5DU5taD7PnUAjjryZZ9JHSfjB8mHwsWWipQBso3ZM2CnFN4l?__cft__[0]=AZU_Iec6geTJ0jxogEtmDsqwGKSqe-ZZ5wjFcmw-FpgyYymAy0ncnKGJuW8E4gfPuxrSDDtYNBIpaiJX_LJhJLYfAnNkgnW0VNi1qVN0XG6lZoK0pdIva77z7kEjA00ZcbuNKR1ROmDZE7h6CvAL9bTxvzpsWzNQXZwggr7Yx-oddmtjstiCy4u78RsA7sP2y_-Ivp_kafb0K50zMVhOzDRj&__tn__=%2CO%2CP-R,1700806501,"Mấy nhõ trội Khí, Lửa trọng bạn khinh sắc 
#trasuaolong",2856,11086,6407,1807,208,40,26,0,434
https://www.facebook.com/xalo.zodiac/posts/pfbid023jHouDFDBg37bGhTsk4218HoQdgDKe9n6uNZJFMG96tj3ZZMXWeBhvuwafJGj6aZl?__cft__[0]=AZU3YmHphfWQbnwBpK-GhX_m-qFX9hOUyev3A1FJersPSJHGhGllEIb8DCe42shDsciBwc9Onnn_7bJi5x1ISGIYvjFS92gqFSzrZ5mCBABjNH3ukuIfOVkIWJCLSfhfFQULjMgWX9vSPp0zsZNDBwRGAxuzJ8B5433AtHkFAl1Ke6mRniwi1tC6F9oxGRvUKPe_ahGtD5t93iqsnywK5Dr2&__tn__=%2CO%2CP-R,1700756787,[Series] Review trải nghiệm yêu đương với Thiên Bình,5635,2597,5736,1150,260,55,38,5,607
https://www.facebook.com/xalo.zodiac/posts/pfbid034HwhKpemB3WsdQQRDuYQQZoPbjYg97raXyQkgPBTTGhQu8hrmpmUXiTkofcqzuirl?__cft__[0]=AZU6OTtL20mGO_KGdtAITIA9-_UxGxYmMll4guFB0XlqW3VWEUdYBHXZieCivHPHnhv-rdm8CuiMmj5l2WFjoWVYXPTpShZTovdd7nOYCcLNSTJl9eYS_M44zegnd9XaJzC-XSbsMynegfPNUfrMq2ZmJEjKZaCL8U67Qd5VYf5SPy1zl3M_LAWRb0X_noJgA8hH6AxhMlhtIkJuGrGOUKNU&__tn__=%2CO%2CP-R,1700755148,Mở confession mới biết mấy nhõ Bọ Cạp nói nhiều nhất. Còn người trầm tính lạnh lùng ít nói nhất là cung nào thì biết rồi đó ,827,5009,4872,1231,90,15,21,3,96
https://www.facebook.com/xalo.zodiac/posts/pfbid04BwSD7wUygYZ4UFcRR7joJuCfv12N2TbRjQjsW2WxyxM1krtnQ8WkNh3M1djNyNbl?__cft__[0]=AZXDTCEvnKelkEJrGAOwfT5rAPFxbCJGBBIKJBBo96NjJWo64sOkwuE2qKQkoLyEb5lFn4mZaTkJGS_gabBdNpn9l-ZQqJG7jmUwYvIHIBrPjvXJbHvgktb90ioA24JqRbI__v2YcJ_z9Z6ImVRPx9RlEsflxTTNYDSmlMjQBnmvDIbXwp3PCNO8rTwipWV1mElJQp82aED17DqZT627oLzv&__tn__=%2CO%2CP-R,1700748050,"Đếm lại iiiii
#xunu
#zodiac
-----
Thỏ",1371,4641,2531,1678,43,21,12,3,277
https://www.facebook.com/xalo.zodiac/posts/pfbid0VMy9VMMNWXgTJCcuejW1kZZWBEyb4ytramRMHLnpR53T2dY4GCK14UNz54feyzgil?__cft__[0]=AZVzeMZKFhlsl5Z5rYy9SbxqxxNtQLG5cZtzVcYBeIYOXYZtQPD5-qiV5Z5yrrB4NEpHpKVapHFL0NmbSTGAoEIv4DU_c-QWn34gzpKe3uV48xwIvMhQBclz6xneihOOROjuD8weviRk6oEhuSoYhHwfKVVl5k3O--xcBV2tg0zQ0BvNQsOl3blAkeXMxXaDdnOoOnYEnZYH2br-rj9Mp_K-&__tn__=%2CO%2CP-R,1700744472,"Tinh ý vào mấy ông bà ơiii =))))
#zodiac #blackrouge #blackfriday",418,2316,2532,29,1226,476,432,0,122
https://www.facebook.com/xalo.zodiac/posts/pfbid0DMTvKWEbMRrdtjUzvRA2QitgPCH9VzhrJtLNJ2ptfrkMFMKba7BWiKwUwopEm6uEl?__cft__[0]=AZXjEyMUCxXMWN_FvqqRyelanmvLhIVzQfKKJCos7bBJW6Zj9RutP4yICR27vP_CsLn4yQwtkvdTwDbnpWZ3JavZQPJY-3YSiuhUwgRw6EXaX4TAkY1CgigWszL6r7LCJhLts6XWWFUoBvUMEtEdoS3DnHSWHQIYCkARuAWWMKyy6hve37sHyH8081MV9ZflLeGT4D_VnfBqe_-NKPb1yb0d&__tn__=%2CO%2CP-R,1700740867,"Ụa nhỏ nào lạ hoắc zô close friend t z???
#zodiac
#xalozodiac
-----
Twila",167,4392,2714,203,53,10,4,0,58
https://www.facebook.com/xalo.zodiac/posts/pfbid0P2Fy2CoJXcXTdqarnvohDF8tb7mwPPK9HhaHMAk4VQ4YCKJ2662Gp3rxCWTaQaUEl?__cft__[0]=AZVPZR0dFd33NFhE9R_8oSlFqkZsmUbW8uwOHLKvNJoLW6ct547Z2L1Od0xRUFP0ZXjs5iNymO_1j3b93QR7MEVynBdKwJBsmwY8YpOa9Oeuv7KPmyaXnuX5W1ltGX0G8AzGraU5C_vQCNINgPazKVxkOmTJrClH7bcj1jE0NgJEzSOJ5MiDZwsbrrD6qL-yra9XN29qRWlYphJRK7nzSG1D&__tn__=%2CO%2CP-R,1700712919,"Khi Bạch Dương, Sư Tử, Bọ Cạp, Ma Kết đi làm phục vụ mà gặp khách hàng gây khó dễ
 Khách hàng là thượng đế
 Thượng đội hạ đạp",1122,7874,4874,530,120,28,10,0,335
https://www.facebook.com/xalo.zodiac/posts/pfbid0Y4U4V1XWhmivJWN741NWLPG4dmYLFFetaRS1ydaxodSsRknycGaHtdWxbjietAj7l?__cft__[0]=AZVTuGRvBfLjdhj5PISjxpRIUm6VhsuObrIatENNu83Vw6dF341EP_ezcPP8ckULad_qUWl9i80KWnJDW9m5or5rMJ7Pf_xEL2XhlAKCCAa8t1oKdKBBLEGzRynnIqLu-2DW1tepcc_NMPD5KZ2nRzKTrfsUk-zBvMNm4VBeXUUomd4bbOkYz6K-jw3jXYeWIxo2_PZZ7u4eONeT96gheG3Y&__tn__=%2CO%2CP-R,1700664408,"Xa Lộ Zodiac xin được ra mắt chuyên mục mới mang tên Confession để mọi người có thể bày tỏ tâm tư, thắc mắc của mình á nè. Cả nhà hãy thoải mái chia sẻ vào đây cho chúng mình biết nhoé. Cfs sẽ được đăng lên page vào tối CN hàng tuần nhen. 
 Link form: (bên dưới comment)",159,43,3709,11,2412,62,7,0,64
https://www.facebook.com/xalo.zodiac/posts/pfbid022Prtvkn6opFRvsN4od7kodCVKFAqxPXCvavtmrW2ir1hM1EAckP32RZCBkzDfzoXl?__cft__[0]=AZUxoFnpxghfY3IysQP3t5cFeb9sCT5NGrRf-PuuEAFuv-PLW2w-WI4yWP8PPkuegEVjyGioq5uC6fpeCJlf3hLuPYFejwUIQ5mI3mqMt2YspdR7Qici4z1N2WbrEuI28rhIXjvn87KLwpO62wWoXtpnrUgIi4CxkL5uhL8ng-FujDK-jdAWpPHV5Dyg_llf375TUb-qxdjqIg-WdApX5tfq&__tn__=%2CO%2CP-R,1700661661,"Đọc zị bé Nha Mẫn khi iuuu
#nhanma
#zodiac
-----
Krin",2424,4873,3516,118,1643,152,24,1,956
https://www.facebook.com/xalo.zodiac/posts/pfbid02q4XNMg8TX3fpod4N5Rawzw6jZUgWXMwGAqZsfsqEgD2nDftCvtEouytFiq6d79aml?__cft__[0]=AZVhdgx7DCpHqqzpRzLgysaF331peXFRm_-nMvK1KbUskb38vSQYMsy9HpMrxPUCqr-yx3auzACj5qz1p5xCtM-RBqzLeoJ9HZ6mVDV-6FXxsP4yXMbXTABiB04UcwM-dWy5mtz3uEQFvAS8TMoFAGH6Ne1WMLMRpWMClK5L-Ick_4j2j3mSELnwtEoGGP-EtNyFL6Kb6i-ubP94Vi1xWjCE&__tn__=%2CO%2CP-R,1700654597,"Thỳ là z ákkk
#baobinh
#zodiac
-----
Men",439,1904,2276,571,145,24,16,0,175
https://www.facebook.com/xalo.zodiac/posts/pfbid0DyBB4YPo676D6UWHXcgYJ9Zz2PdpzJF9UPnxEsQvxzxbs2LzsHgGuQTnYhcyzArVl?__cft__[0]=AZXp8rPw-CylhUZAEhXW4R8eJRTa2zf8TIFMFNXnIH7iGvwhc4HCrruae72etubjl4cFZDe-JN0uVOYs416ktQPXhviDSuAkuyAIfHnucGZ6O6EoX6FbdtNoSq7bEUbiS9IIXEkoZOCzFVUQdZ-e35qp6kdH52Y6jcByLHvH2YM1mP-I3bj9k74_-ZsYQ7sB2qxMSVK4ehJM0BqYR3sMTmMD&__tn__=%2CO%2CP-R,1700568168,"Để t coi nó Việt Kiều cỡ nào
#nhanma
#songngu
#zodiac
-----
Miao bé tí",202,3452,1734,309,21,9,2,0,34
https://www.facebook.com/xalo.zodiac/posts/pfbid0MUbbjpALLTmjMWbcqCHV1hKFLvYzrT7VbSVYNoseEMza7Gsv4eXz9zpHM4VoZYeKl?__cft__[0]=AZWrKZWtg7pwCrlp69BVcHsx_64spt_ngMXwQtjtB5UfX1X-2vmWH-EUBrd1cdHhL0mTfJ5MafgxTBRQugc1V8Xzk5V2hokzNBAHhx7_5dYdGUAJAiYU2zPjExT7z0KD8tKvgAGRW6SvAoZ5-bwOGKaMw9JiyzjjoJkayvtVDc9kQwf2S0C2alNNpdCA2asjYi9fzGW_-0Y7vr4jUS_16Uu-&__tn__=%2CO%2CP-R,1700493636,Đời sống Messenger của 12 CHĐ - P1,277,4188,3228,114,102,11,9,0,499
https://www.facebook.com/xalo.zodiac/posts/pfbid02Mwu5yFwpzxd1ksAmjvb1R5GVrJvRFeDKYKJj9XWnywrjbr48BX3qMKZPiEoNNpRQl?__cft__[0]=AZUn4OmtzvAzcWCs1TfpuPEuVe9JMnSwrdKK3n4QVWsyJQTxbTAWZUns_L5uP_ERgd34KpizRKzWfiQ7q1XgI-h1wSnzlLxMhN1RHTAnPDOnPgKlgrIELM4T0nLaKDFpuUIwgT8ivEfYdhb1sDnXB8hX0hA_YlbQ_IZVpYdINMsT2IvduvX3nNvvfTNeWfBtpcZM-Me8d7lELEtcallcNlC6&__tn__=%2CO%2CP-R,1700486671,"Nhân cách thứ 2 của t tự nhin hếc hứng
#nhanma
#sutu
#zodiac
-----
Miao bé tí",574,2237,1395,490,32,4,5,7,66
https://www.facebook.com/xalo.zodiac/posts/pfbid02tuy91ZxSoVn3eLkysbTPMVfzPirppQCxbMFwxcskQickRoLNEv4demSckt6h1A4el?__cft__[0]=AZXzqOjhmEoGnJy7SNIrBxJED8pmoX_Hcyl2gAaoYq4-op-pTb4ep3leNCx2NXvE5R-CPvc1LCyKU9XqfsnUVHGXG6jWNunypSWha8QDR4IIAS-g8bYrhRadxd9DjJiag9nGOt8iimk7SiBAgN-_zjIzW96YBAz-OtSJZvibAut6zTF8mA74DvF8K51PqQuV17ubVhwno8VxnqXY5cxM7hQr&__tn__=%2CO%2CP-R,1700408189,"Song Tử, Nhân Mã, Song Ngư, Sư Tử, Kim Ngưu khi pị cđ tình iu chíuuuu:
#trasuaolong",888,5050,3019,1619,126,33,18,0,386
https://www.facebook.com/xalo.zodiac/posts/pfbid02amjEFdSp8CoDsJcCfBZgg9xsV2jd4nxBpZkKLXBUUMwuEZxG8czryL49QzHKFTnAl?__cft__[0]=AZVKE2O-uInfpl9nCKVRRLzMJPkl-YsdrAWof9R-xAc2fcxyXCzd4qFb3e_oHeDKU3t9qEjtljPMav3VAY5P4bxqVKftriD0CPwWFmYNe0k8GF6cU4ynkGlMZQdJAcVjF6HTAZY6RvcKZOU5wnQmc0cMSbX1aNgMHW6FSqkxMcdqzPuECm1lpLvbYhx4hy5-2R9zBtumnBRPcT_2zR8dPyGU&__tn__=%2CO%2CP-R,1700402743,"Thông điệp tuần mới cho 12 cung hoàng đạo 
-----
Nếu bạn có nhu cầu xem Tarot và Bản đồ sao hãy inbox trực tiếp cho Xa Lộ Tarot nha ^^
#tarot
#zodiac
#xalozodiac",347,16,7324,44,4365,106,7,2,2402
https://www.facebook.com/xalo.zodiac/posts/pfbid023YoCHJBZgPmxqi95fMMjZCegHM67PNzNrvS6GVNAmmpVJAedsPaei5mhc5Xa7fYl?__cft__[0]=AZWo13gqx3ugSwA4zDPqYkSDtOuRZWn1sImICA1yMH7cznrE_rxx6H371b1sQi-wtfGi8yxP68z6PEes4DV1_EkaKSjKwiaspc3ja9P_n2rvWj-oRG8kiutj77UyglLlPPhRsyMB0ei0nLI2_LXGTPueCoOrrSMyPUDyyvXdrHVxDg4ZItpHKPOQsKIatz6DHR08--UnP7NETiGZS8ebBK1Y&__tn__=%2CO%2CP-R,1700395305,"Xinloiiiimahhh
#songtu
#zodiac
-----
Feibuxita",1088,4233,2346,1190,52,11,16,4,146
https://www.facebook.com/xalo.zodiac/posts/pfbid02TKarVfxcZgB9HtpTZcdN2VDz8ZCLjSLsHHycsNrmoA2o1ckuNY75fRbuWvaGbxEcl?__cft__[0]=AZWwyVuh9ZWIJTGMcXs4V4Di0LQ58TN4ZwUQ-ZeIv0sO46tGE9iuuHtt4C-JNueq337Fe1PbyiB3CYQKXI5sEv0niz95RJv5FJLMsNUlL3gON4nG4_XnIktHAdNkv6Bk2hCEgjGsB0DLGpduyF14IqU6BXO-spmdHU8G9WZTc9Aa84fDZsyrwss1sANXAP1uS0WmynqB9i3cF_Jv6ZMjBSzW&__tn__=%2CO%2CP-R,1700299227,"Trung bình bữa ăn của cung Cự Giải, Bọ Cạp, Ma Kết, Bảo Bình: gà xào sả stress =)))",978,5998,3372,2174,52,11,8,2,356
https://www.facebook.com/xalo.zodiac/posts/pfbid02P8bHkjg4wjb3NDSsQyFu4YW87MV6F9XPDbnTkVTrqjuCgHsmJ1bXnuuCKbPMgeoPl?__cft__[0]=AZUA1ACz-d6AkFWOK2ccr3prEThx71i9jvdNuxaHxf3WNidzXFhf_1Bm0VRJ7bielUjDZCBqcGCKpk9f6qihX7HwRdJfDUBXP8I4l2A9WOez2ulGGcuskCkBetNWHZAIu0wrVlgdy-0iA56Qkxl4Y4ltJCKCXu7XeDw_hRIgJbMas4j1KnNeKIDjCnxMPt30V77a-vN5GdReA-fOWXjRROt8&__tn__=%2CO%2CP-R,1700228500,"2 thái cực 
#thienbinh
#xunu
#zodiac
-----
Twila",599,2025,2388,1179,59,13,13,2,115
https://www.facebook.com/xalo.zodiac/posts/pfbid02JoqzqQoXQVyztzyaRqmNnAcYR5C7j1fXKPtLbn3TfdGptfa4QLDs6GytDY6mwvYhl?__cft__[0]=AZWLZT-heWrOFuwDWwgJW62MkkyMlONvMEUIa90aflLjU7DXPMLX6x4YiiVN9ret702ZF6eOyQJ_LcGwScjB7ucmAniyjTLw0g_uxeyCTj3k5xIjfHIAPC7QtdKEEvRKalITUgW2vKUJmrj2Um7EC26zQh1r66eftXMMl4rs7yOkHyoOp0I5FK2F5OAsHk5vAg3gNhnRxMEn0VKx5BW-6Sak&__tn__=%2CO%2CP-R,1700150704,"Rỳ, giỡn mặt zới cung Đất hãaa",832,2873,4186,927,66,11,19,16,172
https://www.facebook.com/xalo.zodiac/posts/pfbid0v85AVyWSByzz8wgTmnyWWFKXshvPdWkBLUUcgoChSLXv7KjwCwa42W3uYoNrBkFl?__cft__[0]=AZUIC9dIxlR4GZFKdtRpp1pBWLbeNurSFhVJahBNnMrC5yHg249qgJipXA-54ISFa2F_uOtZhxcIXGl2p4NnrEH8mz5QjPHZoW33n_QgTriEjroKZ3vSGf95TrBXuS_deGOfcAk3E-x_cV7BVgVldPAkAzFZYVLn3zKpDtFzTrHd6JRUlBRzIpEiUWupASQxeM00JWGWDKSAM0datA3L6qVT&__tn__=%2CO%2CP-R,1700132413,"Bảo Bình, Bọ Cạp, Song Ngư:
Toxic but Addictive

#trasuaolong",1919,4984,6184,1984,420,87,53,6,582
https://www.facebook.com/xalo.zodiac/posts/pfbid0m5SHp41WXLhBtiFzNNZYC6WTJyaSiomhF2WXcTwLm9Peay9EY9D9AcyzRrzS71Cal?__cft__[0]=AZW8RITaDVwNB5U3r6dYUUdbitoxlkEzbXqAH-8563tolHFgO6ty8masAwPLArTZhUTluUjJb7tkzdRQ9iEVEJtbNdNvcHLVMiZbVdROOSNPTaZJ7OSXcioDBx8LVduawYTIcBcNy20hHYRCeiEfYBafqVTQt0nVdzUFey6JuPZsrPnAXNgRKdkNefFSfWRA-g80v16yumfwSBl5xhZ2Ii2I&__tn__=%2CO%2CP-R,1700106883,"Nước x Lửa: Overthinking gặp Overvôtư
#trasuaolong",4961,11538,8471,4893,194,49,43,6,1136
https://www.facebook.com/xalo.zodiac/posts/pfbid02idTnhMxLDC3PFXR7nAHFwviezus9sLB26oMygZzsYk7SsynCcidJ7tNvR4Q3dMDVl?__cft__[0]=AZXrSedAikhJS31EgKxnzPJcGaPjDBcJhsgx0Xj0vDRB6pHrpxiSUlpbO6GBjWtK3ZgYwZxpulO670BG3byekj91OXmCbn0NX-gAV1QrsM-7hd4okI-pAuoSXrJpFmmFDuU68IV2V_NSnKCKJLFGHptTmnpMJLzeakVwSofGCVvVVOQbus8c1_J9GNhSzbncl8SIhj1LS_l3Bor-gxjfORT0&__tn__=%2CO%2CP-R,1700060353,"Rất biết tận hưởng :)))
#maket
#zodiac
-----
Twila",604,4539,2909,191,254,52,9,2,190
https://www.facebook.com/xalo.zodiac/posts/pfbid02oMgvvG6RLynuGhji2F4FHw2TBdteSrsALWxZnMUHxK9oSk6yq2Nezqe77UyFg6cUl?__cft__[0]=AZV3oOqpahWl35TC93i6WSO8NQXCK_e26GqJzwDzCfMTdabmtSF1JwuW2Gys4UZXK0s09v-yrwd08_Q7q9r7cK48YqElLEulVWOwW9BJl3eatarnGN_TQSn_E3_bPoWEvTvCcrhTz38F015fS_dTSk1B8Fus0ZYxF9WTaNCjV1pCU6-4_8fRjfRnKPyF7SPvT5pqridStlMB_bwDouozWkaj&__tn__=%2CO%2CP-R,1700049341,"Mê cái cách cung Đất an ủi người khác 
#trasuaolong",2091,3939,2899,1636,69,23,13,1,294
https://www.facebook.com/xalo.zodiac/posts/pfbid0urFGJHKVo3hSss7iJMdDvzi7eTW2rmep9dEZSun2BSMkgScYq7EiTrEAARuq2ft2l?__cft__[0]=AZUjAgHlN9DNEReh6H2HQVgsoDL5NSZ8YN09wB_gkj37gRQf5_oirtsCRr5J3ZYOfrJG9OxqXjbuoFdBMN9feGncFFZ5kkD2qgUMqQ62eViyA28VIhFxvoaw6Dl2VZOlFs2GckNuieSHOWGHKb13cNJZND50jT8TpzuN8Jz46K3Id66AOselQbrHPkTyJufTwryG5v8Urs25lLB6m4C_gXRr&__tn__=%2CO%2CP-R,1700016677,"Trội Nước & Trội Khí yêu nhau: 
#trasuaolong",1375,5965,4980,2821,55,13,16,11,372
https://www.facebook.com/xalo.zodiac/posts/pfbid02ztVVDQ6EgV7A3pukari3K2daWej8QhoaUwsv4r2MabvdczUcTVM4DAfKPYpMsRUul?__cft__[0]=AZXSbMydxIi4VEODX6vsTmND6xYJJoO3_lkBNeMPk7xe3QihvMHyxMA90W5pFBGWaHOrOfRiNccswK4FdqozTlr3XfTt0CWnV6Cv-BLCvd4qTiMsEUHBJ9WKlWO-9IBxFY_s6JOk-k9h_8pW6Eg-Q6Q3sxvzaCyqSfE8T4Sr8zefIELEnh6KxhRD4sPFJwUBhpGpkrVuK5BReJu0ophBJVw4&__tn__=%2CO%2CP-R,1699978291,"Thiên Bình, Kim Ngưu, Cự Giải, Bảo Bình, Nhân Mã ngay cả khi tụi nó đang trong cuộc trò chuyện bí mật:
#trasuaolong",1157,6926,4881,2527,69,11,20,2,199
https://www.facebook.com/xalo.zodiac/posts/pfbid02TJP9rD1zWpDmW9vmVA4SoA6qg7n9Fupi2RtucCv8bRUz2wJ44xnGfQrvq9kkgs8Xl?__cft__[0]=AZUaMXAl6GQx3m4gM2i0GSKs50RWmGLb1qpV4TZ-AWodJhgQUoUmTEDL_9x6O1kXnBF6B_kVt_TPwa_mUXARxVLUxrs33eOsoEwCECCdx--7PgQc_NaMwHeW4PmSRZ4p46Xtwbw_QUb1uyO1aeWzCPXnXuqRt5yeRc5QFAD37HpM7XZOdcWoLpWsv7OV7EMMZ2HYgjILnTINrUb_3JS1DEPL&__tn__=%2CO%2CP-R,1699970462,"I need bánh mì trí nhớ 
#zodiac
#xalozodiac
-----
Twila",819,2471,2871,3571,57,7,12,1,193
https://www.facebook.com/xalo.zodiac/posts/pfbid029UP5TMBpiDkfUAyLFP8QsesUKNDGuSpPCkfFjQzuq2dy2uvvgcPBH8GVXXAYeWnxl?__cft__[0]=AZU46GfNXhiag4EiXnVU7DSlsXKeLrhHYyhZ9Eq9a6yUtZ8sNBXmna8dpu6HfiVh33fz9-1YkGM_ZZzU5RObzF_RjAXNQ308gQ_d8cLz81hGPxtpi7mSedOBcealkW2N5TPGNBxyG82XY3TimmEE7ubCBJlH9GvlGnjOmrViixBegshYd8TB_g0oxeD_axsInrnVKFTABukFNn41vdsc7W-b&__tn__=%2CO%2CP-R,1699963250,"Cuê quá 2 ơi =)))
#bocap
#sutu
#zodiac
-----
Twila",1576,6100,2702,2658,39,14,7,1,276
https://www.facebook.com/xalo.zodiac/posts/pfbid031cD81am3UpBA7D9LNzD84Lw32dHWffxpZqbJ7X2mPu6iRisYatFJuNMCsZYMTmLil?__cft__[0]=AZWj_aTgTC7H3yLi0IKF9Z5s1GM_8po2knzmXiTXboFVT_or2dtJF92WTQoGV5rS71IwGjhiCflvWhxskGV0Z_IbBStby4emIRgBzbUAQgkwA6KpTjDKTP4sEeJhpLf-T82JYcmfIsXgZnyVvR6Xdww3fYTFs-I7TkDIpGl9nLQD0rzP3j3qAEp1dvbzUjr2A3i4wQlvxbsqgMHGjZwzm_mR&__tn__=%2CO%2CP-R,1699884082,"Ráng chạy kpi trước Giáng Sinh iii kìa 
#sutu
#zodiac
-----
Feibuxita",741,2327,1463,667,38,7,4,2,168
https://www.facebook.com/xalo.zodiac/posts/pfbid0WNBGXNdFLEDhrptXxNNGWuHFhv6byKjDgves6iUDcBksXnDAJdUGcPZsPTN1Kp4nl?__cft__[0]=AZXzIvFmHxN4pKMhA6u4pXKHxUZP0E6oTP-HIQG2MtaOvF327huPYAB_3tA3ZdxNPK4cgnmojq4rUs89wfgMimcZi5XZ5Wcr_sd-S23tb8UbZbpjNEwe2pQV4REgsTEkaffzaAEOHAdeWH3AobdYeLQMJySpTa67Rl5UcAFElL1V53B9btfsj4nUknbw6Upi8K-SsEDN4y9KoygWpzvAd9X2&__tn__=%2CO%2CP-R,1699876840,"Không 
#thienbinh
#cugiai
#zodiac
-----
Miao bé tí",1187,2896,1690,979,35,8,5,6,121
https://www.facebook.com/xalo.zodiac/posts/pfbid0RaZnsRjFFjmzFDRqfeGVmi17cpVzJMCRYxmhzPZidu2bRR4fFbdzESvgYuVPKj3Tl?__cft__[0]=AZWriCyqo5PAoKpfCjT3yddTmN6Z8qT7Y02YUTpHWb7Mb9hDceFUWFGQ0aAMYszVLnF9KZGJAPVJQwHy14YAOwYGMqthwQGVfC2D8e-01vaq4JSFhF5geLm2sRCo7OQKNmV_QaCI0tRDqf-rgPrzcvECsAhIMLbL-K6zmUtRdWOCYlHl3GBfnomq-jwcvf7zTXv3euhCngYDjC-MjhqgEaDG&__tn__=%2CO%2CP-R,1699802964,"Cung Nước sau khi bị tình iu dập tơi tảaa:
#trasuaolong",2009,6275,5770,3156,158,28,12,3,616
https://www.facebook.com/xalo.zodiac/posts/pfbid0X2BbB8uvF27tz1QAeHZq3E2XxbMckzWjFMNU4K99LgbCp6kfPhfVhQvcV9bubwWGl?__cft__[0]=AZWSQXEJo-VR0zfeAFxM5qYoYxsozvk1SwYeJjKKTUUKh694zNvaHGr8Oqb6iYgm6lFmHcdJu2Jrf5Gy47hfQkPSV7JnpP3mAYrwP-W7_IVZgPIs7HL42SfNcEIlOItMWPfVRNKqWb7YJHEkl1b97KQmkp9tILToqXFW24m5TpdTST2fBE6Qsqh0bKrIh0ECLIfMVh6TQNYTMr_aBslk0_Fw&__tn__=%2CO%2CP-R,1699797604,"Thông điệp tuần mới cho 12 cung hoàng đạo 
-----
Nếu bạn có nhu cầu xem Tarot và Bản đồ sao hãy inbox trực tiếp cho Xa Lộ Tarot nha ^^
#tarot
#zodiac
#xalozodiac",449,14,8440,52,4838,113,8,1,2682
https://www.facebook.com/xalo.zodiac/posts/pfbid0VFrTVEj6MniUSLutB5HQhdgABcF7VMq2PuMw7BMnK53b9cq5vUmZktQMxdRR1MJxl?__cft__[0]=AZVt5Mrz8YUDhbLYnenjD6np5JxDR71mi5zSY2ky-9wADUPb9TIdyFuywhkZ2ovpV0BPHaNSxDt-klCt7uzQ5hHq_-tgQh-JSAmBZek_DM0iwjzYXpWRU8XqGxzpgeAWBbOmxYP3ecRyAUa-77wEt6YrM-qlUGSJLSPkLWx7PvMLqi9FALwtBY4RWLei4ZjDVVQXwy1RJ0lzssTJZNzxykrb&__tn__=%2CO%2CP-R,1699717378,"3 điểm đặc trưng ở một trội Bọ Cạp:
 Thù dai
 Siuuu simp
 Love language là skinship
#trasuaolong",2265,5249,7217,335,1647,123,51,3,717
https://www.facebook.com/xalo.zodiac/posts/pfbid02bsqPxbUX5Qk1oDueoQsFa7kogPE4UBNkJXXQnRDMqMSBN36AhvhfiXNYWBfR4vdFl?__cft__[0]=AZVLLBZUHPiGF7F2J8SvJ8M9iYCXB28TO_yuZUzwS5WhvIHHQOrYwaILFfMbTZ3_0dvhaDTEJmBiwwwZuL61L9haIrcWXhoqcD_--0UoTTzU8Ij1kXYC0OlTb9Ty9iSBP3tKRZ5nwNOlA9jO6l-1RkyME9CHdSx09LtMlkO4k_efMz0LySF53vs-yM4d3suKONR14dnRxczhlraF3Xhzbano&__tn__=%2CO%2CP-R,1699707648,"Không ngờ tới phải không :))))
#xalozodiac #Salebomtam #Lazada1111",304,3180,2342,270,832,516,478,0,44
https://www.facebook.com/xalo.zodiac/posts/pfbid0BJkfDCqaDTfM1pQhND91UdLCy8ytRMcAiCzYn6K6w37oaoiUYcCsjwug4fVLnVs8l?__cft__[0]=AZXkLEACEDAopSNoDz-080P4TbytCxgrqoEXDW2mMxewML86DbMXHxVBNmHRy8YWEAcSotnJOpMnjsmQG9n6fMnnIojq7jiNRuLzeaPnP7vh7FVE86PETx8RFZKS0S11yWxYbeXOJsJZDTVyy3HWVAOsiFQT9VMPuwUO2i6KL7sijv7jip6erK6lCE_ZMV2I0oeXfgmCD0rDtZp6KV7FK6l_&__tn__=%2CO%2CP-R,1699627086," Thật không
#bocap
#zodiac
-----
Hintie",626,2861,2140,793,42,5,11,2,99
https://www.facebook.com/xalo.zodiac/posts/pfbid0J6M4qcuL4NG8WhLNLLqDkCNXnrkzxfcziUKJwhd1NHrLW4RGwWgrQ7Ug4LVb115gl?__cft__[0]=AZUum1RgIvuiKt0okqjChGQqpgPdri5w87rbj-SWEuYl-WLxhpQ1xej8qbbS5XhZnqA9Nmx8NJMHw_LLklvXx1PhwmlQghtzhrMWJr_SaxzDYPTynWoAi5JIEoRjvazfYgW11Ix5WvieIno1U4b-SCpsB3QsQpGnkxt9qbJSVSAn5ck-o1yg0NBdRerHLwx9F-4AHTLno9vJS7e4KmnNSUsF&__tn__=%2CO%2CP-R,1699606747,"Một buổi cà hiaaaa ý nghĩa
 Nói thấuuu người khác
 Nằm lòng bản đồ sao của anh ta 
#trasuaolong",1528,4693,2794,123,140,19,12,0,235
https://www.facebook.com/xalo.zodiac/posts/pfbid033dq4j6FRAx2pwuhBdXquMkkxJr2XrisnoUec7hkJBpr9uhedWtyMUa5UWUqr1tjal?__cft__[0]=AZUGvhj15KLnxvpiSuDuvHR2z3BSHgnDDGeBZGYtrbms3INVyS-cRZNJGXpA5mecTtKGWo3-GFtRuIaYQCAzr-P9hrU9-iVQahMvB5IsFEg8eqZKekuD4DmdG0Jq6Gz2nZ8PHnLWc7dFR-0DK7UlS51A1nm97v8bnVEp8XuEtb5vEzMiVRPXmOWWY8YdDAIB1CzXRniKFkGxy-IXyK8BS5zM&__tn__=%2CO%2CP-R,1699541361,"Chạy sao cho thoát :)))
#bocap
#zodiac
-----
Feibuxita",382,2141,1772,1396,37,9,7,1,110
https://www.facebook.com/xalo.zodiac/posts/pfbid02CPDjGg1PyEBXqCnwAnzEdt86Kx8ZxCZwZUBBYPG8QPDZ9j9m4kzGpMeQzyPavkAFl?__cft__[0]=AZUFDgRzyVF5kOn-CSb_XB8wX9LmGO8mQWECq4bBcIkk32KlgXFFXIWwWz8E3uXhNH7Up7hybPWYBUDjaZkqW-0nuuQMJnon1Ebk792xSOJURBxZtNVKgpC5xvleD5oOSmQYVJs2VAEAFNUtxu4P2jt79oawP7CL_34NxpzYqrMKHH3JlstpzPgt5Syp1YisDe9PjLsW4ZnF9hNLipNjE8RB&__tn__=%2CO%2CP-R,1699500603,"Cung Đất khi thích người ta quá trời rồi nhưng còn mắc kẹt trust-issues:
#trasuaolong",1591,6055,5014,2487,175,17,26,3,706
https://www.facebook.com/xalo.zodiac/posts/pfbid02uzsc553XhoXxCG6ub6ty3z7NtWoYGRuB6uCD4Wzxec7x2LndXi9DnxKtiBRjT1mWl?__cft__[0]=AZXfxLGaHs4qXJ-eVuvJYnBsK3sKsB8GGSDbNNcKj3U9QyVURwq_dzyIe-POdbJz-gauM75ZQ-nGv4Oq12lad2HX6IeZU1o4AQ2A54eRfzpKpOu_fLiOFil9EDohFBIcoQ_Z_dYt2b_Pnmup8IUmzsw3hxw5B8yHMV-nW2LN7sJLRMu5Qa7ob8YsXBb_HTI4M761DgpsOJZDLW58Nwc0O1gA&__tn__=%2CO%2CP-R,1699452886,"Mê người ta mãi thoai ý
#baobinh
#zodiac
-----
Men",1004,4206,2853,228,214,34,33,1,277
https://www.facebook.com/xalo.zodiac/posts/pfbid0trN9QsJwm3uMrZqtP955aCoKmtmyv6a9iofZU49TAH4TARe6YREd6gwqzN75UfBTl?__cft__[0]=AZXnRReTb61AA6w4YH28DygzYVS86jX8BKv97_9nYtfzDHF-SlFQ1PoJtwrYmf4Wb6CpIoYRMSaQiwI4gh1-9nuMQ17ra91fTLrX3olC12ZZuKJ6pnauROlI7b2iwQjIzd0seEP9bLri1zekAVETlcB-yoKzcdSknXAF_JBkiHoUxjLUCSFt8U5ouixAE4YdGR9DXc06lNLGTynIjtahKwTh&__tn__=%2CO%2CP-R,1699435956,"Tụi Bạch Dương, Sư Tử, Bọ Cạp khi lỡ simp người ta quá tr rồi:
#trasuaolong",3038,7767,5493,1797,259,45,32,1,950
https://www.facebook.com/xalo.zodiac/posts/pfbid02uJFGESeGWcdy4aY1gVeoj74TDj4vLWGkDviE8yxP1v8BruQWVLKMKYN3zqdc1Xh2l?__cft__[0]=AZUh-bPQf-LXWvQoOjOBdH5o_LLVZur_nu-Tk4sPq-VGOs1CvqpbUXp6v5GJzPIokyrTw04BXzZIP66yqnMlfnlKA2Rb6jAFQUVBRQNxm6Pgsoz9QR_XGZKsP2hmLAjg2Fs7g9t2WIHneP1ym-lWw18Cq5_AesUxtxTcL4jfAQwQKtTOOTT1-snFEQ1aMQL_PJvwkeUUCI4-jT22j_vlXAW7&__tn__=%2CO%2CP-R,1699373578,Thả zào đây tấm ảnh làm 12 cung hạnh phúc,1196,796,2787,18,371,20,3,0,50
https://www.facebook.com/xalo.zodiac/posts/pfbid02zgUj7752ZQqtE215RPoqGLN4i1drcnfwmi3YSeVr1peM2b7uTahh5Rrma3ctKxy8l?__cft__[0]=AZXtiEjvTPcchxUsYBPPje7xoYw-4CStzdEBJsZAHEWKdfvO7qgaXWcqcuipEFDLapJ4yXHSklhnNl30GDXaC7dlxCIZ_jWECTGHGE_1VETCJ3DI87XFb_jIV2rxaMnE1UNB-x7YqWLiEsawc-w_P0sr-v19fyiovfUIaBdDxXZ50LsmGbZROgBgpppk8edzgFoOU9d_BO4gMkmYwSFIuVPK&__tn__=%2CO%2CP-R,1699358215,"Đổi địa điểm chạy deadline thoai mà 
#thienbinh
#kimnguu
#zodiac
-----
Feibuxita",756,4087,2556,145,170,25,9,0,130
https://www.facebook.com/xalo.zodiac/posts/pfbid05Njzp34bgqfk6fiWzr2FPuWP15qdNaS5y4e8BGssaV61D7AG93V3LdM8Lu9eubNTl?__cft__[0]=AZUfJ-4wbsT2cBkh6MZvQx6Fx3SpXy_hPGTR3ezUlsxLzNqgX46S4x0z_MTIB-5GrP-Hud4AonbcusR6Pm4w2DbuhwJadjvWvCXOJlaAjtwNOTjmLZ7No8vkgaZSXSrlXmYteHaB6p2qHGrdcBHwnc_JtkUcIaSiYmTfuP7Ok8GsLNla8JzTjAWW3AV2qM9uTUGQiSH72TeBXViTeMppYJ5X&__tn__=%2CO%2CP-R,1699333896,"Ma Kết: chiến thần dẹp loạn 
. Cái nết ít nói mà nói câu nào câu nấy đau thấu xương.",325,3431,1613,577,18,6,4,2,67
https://www.facebook.com/xalo.zodiac/posts/pfbid0ccD6XDa8srETiEEbosgc7Bzy2n52AyXdGpdR3WYqEx47E82FT6sWweNCBBUeNaKNl?__cft__[0]=AZXZuq9XshojzZlhj7Z1WIz5BJymLctd2qzWJsmnQf5YUdMZzdPc5FOyJd2RuOfXtaz-8aQOvNrU8BCMrBBjM4-BvwksTqzmWYRZQwvZJ0zssz2bNUeb0sB5Y-INFEzs4tHIkXGCZSVkFfyyio5MEIEDjnK6voD3xqaWqHyCLTM0Dks2Xrsfp_TRtrI9u_ZeUoLI7WLY0LmcG85IlaXEVugl&__tn__=%2CO%2CP-R,1699278690,"Thả đoạn chat siêu soft đến từ 12 cung hoàng đạo :)))
#trasuaolong",4627,3859,7536,199,274,38,15,0,464
https://www.facebook.com/xalo.zodiac/posts/pfbid02F2Dx1r2kTSrGRwraTfHRTT9keg3XLPpcfGnSyHkBoJ98TQd9ZcTGjqMRYNxQJTcgl?__cft__[0]=AZVgNruY4OOJlUT3059-gsvht30tRl-M_xIUYiSfA_JXNMKHeOjM4nsiiqlWLfBcqll4PKjcNYDzsQZfn5EvmI6DneiFCnfiEAM2Qceg1XdgcHvb0vSRM9ru1jpfsMRmjRkjJtEs1l3xD_gYk0immVcILnTF7VI77OMWq10bs-2_DhZgkYKZSX-GBbs7v2Z1v20M0IAIBGN7J638IyqhfxwZ&__tn__=%2CO%2CP-R,1699240316,"Mê cái cách Thiên Bình giải thích tại sao tụi nó mau chán 
#trasuaolong",2301,6540,5041,1987,184,32,25,1,403
https://www.facebook.com/xalo.zodiac/posts/pfbid0rn1sZXbJhUkqvEj7U3WSSNnzf8NJfb75SCeBTiGiyMLaHtxNw4vqz9K7raYmq5ihl?__cft__[0]=AZVPIwyhLp4wIud15aP4fGRe_P3wCjuM6n0cxjpD1qDseDaEJYAUdNvljlkXZLENP3IccrqWTmq16lhUhsHQ3lJrRBaxMkTz8kcWOsqFiU5gOJU2Ziouj4ooZyXR5V00gsTcL33xt9eCAA9yAROkCcSR0wlSG70FIZV7-Khg3LTLsUc83SkV7iM14qdawNUEV5VLgc5o_V7c9Dkrtl-BVfBJ&__tn__=%2CO%2CP-R,1699202412,"Thông điệp tuần mới cho 12 cung hoàng đạo 
-----
Nếu bạn có nhu cầu xem Tarot và Bản đồ sao hãy inbox trực tiếp cho Xa Lộ Tarot nha ^^
#tarot
#zodiac
#xalozodiac",464,49,9841,82,5993,145,7,1,2586
https://www.facebook.com/xalo.zodiac/posts/pfbid033Wcz2UoC4Ru2jYH5wNnhRrembSXrs1LbeLaQU4USEZQ3bWS9UjnYAQt14uzkHgEkl?__cft__[0]=AZWR18aqXu0KFv0CfUZFVAauVcczPcQkTR59bZ4q0dcIw1a82NkIZNEfJ9qFOowg3WPc4HcW3mazMUXp6oN8JaHtnMfXHYnjnvIYRfew7oTmlIPgjoUIWfyCfqxOFeYgYtcxAeRySWJ1zMJ_-HkmHLYdrfD72qNoYvvymKddReXNQIM1C8VlCLe9NZ9hJEgFH43ki8QphjRBfVwx_GtlnXqE&__tn__=%2CO%2CP-R,1699189556,Thiên Bình và Xử Nữ này đẻ cách nhau có 20 ngày thôi nhưng mà nó lạ lắm ,1227,6452,2953,1496,32,13,6,1,183
https://www.facebook.com/xalo.zodiac/posts/pfbid09zCPs8mZRhLNEQp1WFKY2o1wbvGDvHvydrDz3uDBv8dCu96PVkjfnk88vwZybe7Ml?__cft__[0]=AZXuYC1uaMIuyiYg476IJimOFuaVQct6zVrXGtSos2dSXAgMA6jj_N6hwWb_r2ycDIo7zxL7Hl4Ku4TE-FVybF3kmJFBoCYV_uFoOy3qfuUlGoUuCEIGDKLESQShbeS-4He-yJwBUQqvAJr_H33jH2ZqVzG5W_A4rUyI8E4puTm52Sh5Dif8zIgHWAI69ycpwBIlRd1W8VUoIdWEwSOCeNbq&__tn__=%2CO%2CP-R,1699185331,"Nếu 12 cung hoàng đạo rơi vào bế tắc 
#zodiac
#xalozodiac
-----
Dopamyne",656,594,3991,1240,1422,43,16,1,154
https://www.facebook.com/xalo.zodiac/posts/pfbid02cuaCMTKEtxaefX6jqX1VsXsHDdubM9CkX5NTuZLhYosEpXiZb4dNhSZsd4NK7vPQl?__cft__[0]=AZU4tpsaqc4lLNdZXVznoqG3N3CSRWxQWphaoMZVwN-svRLFtEgiqXgAY6N9UbS0W_XKyYifFE21IRDS82jlmG1rqQaO2EZU2pvl1e_HaoIIjFF24gpknYij6NEN4h51tx-ll7ugzVfpM4SzeNG48jMdxg9M6YC_hOGx4JfCT_zw9SUoef1EvXACVs6YtcjYrliQsti7y76Zd0sr9T5edhAs&__tn__=%2CO%2CP-R,1699159801,"Nếu Song Ngư, Ma Kết, Kim Ngưu rep tin nhắn siu nhanh thì chúc mừng mấy ông bà nha ^^
#trasuaolong",2156,4796,5111,339,680,77,53,0,367
https://www.facebook.com/xalo.zodiac/posts/pfbid0rGkJyDKhtjdZTK2VCNWYYZvhZ4yNFQEfzKmzjtw2cRMCszALb95HkSodReAGzXx8l?__cft__[0]=AZVQ_kIh07Rj9aVI7wpXvDEDg_Zri91uoFDZuCda3fzyPRX7nytOTEp8rQtH4ciyCSwvuaj9DjYfy3cprxFaFUmlugU9-oHFzhIbZ_Qm7YKsdW5XMZn8CXLeRMp78zjzYpbudDANQ2_NMej63hjMKIUtrmHJzOlZzgBM3lhb2o02uEOfQE6jQ4dYjZ2qzzClcmuqrL2MZDB_2WKHJ9XgW5D9&__tn__=%2CO%2CP-R,1699115851,"Nhân Mã, Song Tử, Thiên Bình, Bạch Dương “thật sự” thích bạn, sẽ không có chuyện mập mờ với bạn :)))))
#trasuaolong",3159,6393,9880,709,1462,92,102,3,636
https://www.facebook.com/xalo.zodiac/posts/pfbid07ra6XiQgWftXasi1dYXSgyhQ3yU5Xoz8RnfXiVng112WcsazCYUa34SJms6CBWWcl?__cft__[0]=AZVxIvtYWNMc-IL6yDiLPgT5Ox9XfrPIse2KZzMi0E95bPcyheQj1SgjzPgrOLVpDdMLqIYakW5JDuVljOcji44s0ZFn1sAKA0zQCn6R6x55OjQBDCab-Lpk0fGLoPamvAtNrDk2jxjYH4OqNZjDaSh_zR1b-l46mqGgSzWzCDZ6Yz9NTyrgwFKlWDGT7wExImbl0gQpUlnr_Ky1hMB6EvpG&__tn__=%2CO%2CP-R,1699115283,"Người càng giỏi cho lời khuyên càng dễ mù quáng khi iuuu, cụ thể là Kim Ngưu, Xử Nữ, Song Ngư, Bọ Cạp
#trasuaolong",3210,2967,5916,4870,168,32,34,8,460
https://www.facebook.com/xalo.zodiac/posts/pfbid02azHfGwEttGr3Y8tjwiqECsYHEcYFxtkedFfsGzr59dwPbcRYGURVhnVs3UHYoesal?__cft__[0]=AZV-2viiUOuPGvyQnsRgPaU0ii0oufmHb7xK5xJ4NOwKgJMEK4E-VDgrTzWyzORPBG_tXQE0Dp9YjjVYmOs7i9AojxOgSBHH70goNQ2NNMHxJxeJYnFkgbz-Gywwq4vYz0vFk55ar03GvPQ608W7d-8R0Du9yUkPWhBNlILVY1KXJDodV1P-B70oHwLL3_he_kX8WV9j1CaE2bE0IT14bR9j&__tn__=%2CO%2CP-R,1699111016,"Hong làm cái gì mà tới nơi tới chốn được =))
#baobinh
#zodiac
-----
Mèo con",552,2898,1977,1048,40,10,9,0,253
https://www.facebook.com/xalo.zodiac/posts/pfbid0JTruFYavwupLcsSkTGq8ELBtcaWgyMwQekDVUe8MbJxsPRuAV6NPqHsmFrdEqJpJl?__cft__[0]=AZXkRo9RlnNAe5dCt8U9k94_o65SATIj_ibYyCNO3umqkYklUDVcNg_pFLmLcL_iRHa9XLsaRXVi_j8ObMbcb5sZ1QUuIloxx0iF6B9k7EkiGYjuut1YO6qkSFu8dpx6h7H6NLTxy4vFbZvEBGCWxFqnqQuyvkyDEZ23ZzWPRAMA8xd9uU2dOZEPu1IS60S9DxaITLHCKNjG8PBUNDim9o2J&__tn__=%2CO%2CP-R,1699100009,"Cọc gì đâu ákk
#bachduong
#zodiac
-----
Mèo con",529,2373,1815,582,41,9,5,1,87
https://www.facebook.com/xalo.zodiac/posts/pfbid0ZG2utserEaxa4wGaXb1qxqSETvLhoo521bWtWUjL32AQ6eiqvD1TTLs2yXnQBTHZl?__cft__[0]=AZWiBj3NJi5y0u_6iBXVG7isl7yxl3GKqzg8zgWw0cFIR1t9QFjdvEq2zNU3lL1jzjnmX_7Z2b6-HL2vbFvlq6K4OVTD6vA20Qyrivsvg1l1xtKV1qzayqZwcCruvrGH6EvQ6EL7aFkOSZkcAGVrSi77HM-V3lKQkRAA5HIXYQgzCB8NPzMqu2quu1HAlCYKv2didzL9h9wvt9cQFU71le6e&__tn__=%2CO%2CP-R,1699071347,"Khi anh ấy là người thứ 5 nói với bạn anh ấy cung Thiên Bình 
#trasuaolong",1575,3022,4296,1796,50,14,14,7,182
https://www.facebook.com/xalo.zodiac/posts/pfbid07VvwBQmH3sM1UwcTAae61w4aRDwfMh3MonzoULA2pL5FL3UmTXKFuJiJYg5eKLaZl?__cft__[0]=AZWuUieByIXcBeQpkTamKGHU9po-xouGlAqhNlAwIGPo6wXv62Z62h4MmyJ9ptZwdYKIAiPPCL93LwGTD6SJxt_SRap01QiRqLRVSNfQs4TeOpRM13_UTuMg7YOy58HlurUByToYFysHHQ7pxUOSNhgdBZim9b_PhPZy5pHrFLLZerikeMEXneDf8em3ghvreyZ2wlotPFTLR-KrKKK3yPI4&__tn__=%2CO%2CP-R,1699019271,"Thật khó để yên tâm tiếp tục mối quan hệ này nếu tôi không biết được giờ sinh của anh ấy 
#trasuaolong",1983,6315,5409,2183,108,21,11,1,491
https://www.facebook.com/xalo.zodiac/posts/pfbid0dYABdLQoVRAkkjYyVYpQFBbWemTodSgSZZ1DP7uif1EUMxLQwWADUuNvsFMBv3Hhl?__cft__[0]=AZUQQZJm4VMYK1jbDLk0Oh0dcQIbG5AgcElSas4770RhVj5oZ6PU0cAH7rw_HsBtw8Yysys_sVMXuRdKUC-alI5I6J1Pkr_oKxBeG7BB7xts9gJDd3iP2ncYKPS_JLkvQS3qTQqaU7rqI5GPNyuu-5rICHewJsrMQTzNg5jZXtHAcb5sj8dcXWDDAEN3DPMiYEGMleMYSZu1KQbps03bwJTX&__tn__=%2CO%2CP-R,1698991187,"Mấy bạn biết sự đáng sợ của 1 Bọ Cạp nằm ở đâu không? Đó là tư duy lớn.
Em họ của bạn tui - Bọ Cạp, bị anh em trong nhà bắt nạt, nó không đáp trả, than vãn gì cả, nhưng nó set avatar Fb là ảnh Uchiha Itachi ",1319,7542,5135,2182,130,15,22,2,320
https://www.facebook.com/xalo.zodiac/posts/pfbid0nAESvayvLS4Sa4Vm8vbq7uAdy56ptLDqMxCeXS5LUnzfgF2ocyARXHJCSiiad1jHl?__cft__[0]=AZVO4Oa67aM2BtYv7TEPGMk8UcoNxrJDYc1xaAmKh3VfUSx3-Wo88GxD2ixQGafl0Qec7lVv873WhIzWkpWW4DbgvZme1rRXUHOWy9_NR7i7Yfdzmdk1bii033bPzoalAdkqXNozwFD0mcehzrZsiCfdmPGSppCQMNytC4-FBhJpGDwq4qvvaWWyuy8nVCYitT3sMZnKvf08AVn6cUqWtrpH&__tn__=%2CO%2CP-R,1698935923,"Cách dỗ con nít của các cung hoàng đạo
#zodiac
#xalozodiac
-----
Mèo con",929,7005,3144,257,99,21,10,0,145
https://www.facebook.com/xalo.zodiac/posts/pfbid02HBVG6JiFJ6851nWJuEUK3agwZxT59NY1fvtZPxLRUYKfjgda3fRHeiAH3Fke9MRdl?__cft__[0]=AZX2I41Rsw_NwD0UGzKGsz4qURZ5N7CR__1D1z-pALx8GHBsXJoXQ5SIN74B2wNiExy5XCZz1Ee3FPWjeLubQnuxVJekN-xla1mqB8ro_7lEVSvXrfYfK2VDaIJ-AFw134zuw8W-s9FgSoyqEuxuIDxGiJB_AwSCaxj7sQp_tvpQ1k4Kej_aQd1Eidc0dM8PQGe00-Kk0JHgkQ0MfYfzhVQJ&__tn__=%2CO%2CP-R,1698852911,"Chúc mừng sinh nhật cung Bọ Cạp 
#bocap
#zodiac
-----
Linh",4941,2215,7828,101,11554,529,21,3,3859
https://www.facebook.com/xalo.zodiac/posts/pfbid0QtNozqzBcffLbcp9XVnXhQtbDfkJ5kHHeM6oMxA2zA32R1sJ9b32EaRHJsFRd4Sul?__cft__[0]=AZWpw0WpJYcl1IGNLHFdtQuIOdjE0zEm8450_RQj8xbQ3cUe8c2BK3AXXxvcUlrH3nquC0twhCSSx3xc1h_ttZ_qt39hr7Tjp6tQjj3nzOegIVZt5Xo64gLYlxYmNfwBHXqhF_8u13Rhmqg9pDGH5y2dY70pBY16FRykEIOgWs5UkWsB4iHIKZYnC30DVsgdHRJX13FFkt6XjzbIcS5QQa5y&__tn__=%2CO%2CP-R,1698841107,"Xin lỗi zì cái não cá vàng nàyyy
#songngu
#zodiac
-----
Mèo con",355,2481,1133,533,32,3,3,1,58
https://www.facebook.com/xalo.zodiac/posts/pfbid036CFDxWw8prik8gamWECNs8ZzA6EiYMuZD7LEyUXbfFFmkuPdMSf5Pb3U6uvVjHbxl?__cft__[0]=AZUMW3q-ec3TVCMIWs2XoguWGtJgtNKxND7L9tU9qvfvUd_IYjc_CAdhCItCJKQXPLYEmrfyIeLEJTYaWi7So0Aam6ImLC3M8aJzezsCA4HrlW81W-CmjCSY1ksg_aELNt5bC4lwg9zXevrc5GzCfG6jZ0l9IakO9LxWHLkPTTIy2ZPiCb6b8PzdhBda2lExaY0Wzen0OoNS772jdZDd5676&__tn__=%2CO%2CP-R,1698766036,"Khảo sát cung hoàng đạo được nhiều người thích nhất trong động này nha =)) (React theo comment bên dưới, hông tự vote bản thân nka cả nhà 
)
#trasuaolong",3251,3313,6037,87,265,40,21,1,258
https://www.facebook.com/xalo.zodiac/posts/pfbid02sUrphLbxKEGM6WJGN3GdGH5XqrvPyTGa1kzVKM97ka6e6SRTdNucyiVDMa4HwJbil?__cft__[0]=AZUzdLSIOIdYZBz-TQoOoxjc_Yo-7a4L2uuaKAC-4ZyZphgqWrb38VfESdkeuUuud1vv-ocjJXFQMNg0q8pvUMb7ouKqM_hHcRW_YmammtnR3ZRUZOkzy4IvstJiIkhNN7KstFkU8e8hEAy8RvWDCGYcy80G6aTkD08DgxoZiegwWknIaXUUxpJe8N_nBwfGX3ii2j4U7BLt5zQukAfm3Gq0poMm7BtNphv0iRTbiejHSg&__tn__=%2CO%2CP-R,1698756525,"Không được đâu, tớ thích cậu ấy lắm
#songngu
#xunu
#zodiac
-----
Thỏ",1420,3023,2012,791,51,6,7,2,109
https://www.facebook.com/xalo.zodiac/posts/pfbid036DLZnYUt7KC5Yi2uoyisZcukmFfy95wFwb8F3qPDqfCeUKMckyazBufXRwBeRvcSl?__cft__[0]=AZV5j7FngJVe8cGcbQlkF2YiBjN0Vefy1JacV4bYdg9T_pOKDsNHTWZADhjtInnju19ynif1x9w3GVg9HREXh_izZhywSUfSuD-IEdmMYLjbj1VlhRkGiCsu3dy2hTOwtP3Yac1N6VoXyEqcKubzQZSLm-FEe5EtiqSjTV05DBVCA76b_9z1xUab4yEos-cWFtz57NCH-LCSkejLYYCzEFqX&__tn__=%2CO%2CP-R,1698741749,"Thiên Bình, Bảo Bình: Em không sống bê tha, cũng không phải là người bê bối, em bia đia.
Cự Giải, Song Ngư: em là người có hiếu, có hiếu với cha mẹ, có hiếu với ông bà, nhưng thi thoảng em cũng có hiếu với trai ",1410,5498,3987,1589,114,25,14,2,217
https://www.facebook.com/xalo.zodiac/posts/pfbid0yc7xzc1strLFFiHbokFzjTc4ua6KcnFZsNFPQ9GJpFC5VSURwjKiYpoLk4pwWhtJl?__cft__[0]=AZUCWLwc6B8GEQURwxoIwjG_it-IICsWrqAUppIesQeCO6Dszqx7UZ118YmfXbxKvRK8ObPUHXfEaAPZnvtq5ZH6_Z897drymQVdih7X8A7ZxdJoEtGoVYpa51yF3Cb0BXRwb3GB6oeRnrRWjv4Cfd4-Wk9Kb0KeldnkohyxngwPnmRdxKAYYsB7aO06NlGoMw7U4vuHLVY7kwrxVZrinqCj&__tn__=%2CO%2CP-R,1698685273,Hoá thân thành người iuuuu của Song Tử tháng 6,3605,3727,4524,1443,344,64,37,18,484
https://www.facebook.com/xalo.zodiac/posts/pfbid021v81hH5M1Bi33qqhroy4aqoVkYJqHQ57NDQm1rjfr5aeKKrTU2XX5m2Fa1ag8xixl?__cft__[0]=AZWoxLX03vdFYPhw1PCiH0fS1457nG7g0q3k2M5spB2rua-qk1tcda0BKp6YNmMNeFodZhkBQWYZvQQN3MctTW0d4OvccYp0E4uETeKwz2kFrnsa-VqU9RAC1rhIC499OA-qVPwfjRb8M8SusH7U8NXoMuYFCaHN0wR2sOelqNdYIPQUsEU9Giz-zVHKFoi7-0_MW1A0bz10-eS_uYWgqqUA&__tn__=%2CO%2CP-R,1698677759,"Halloween 12 cung sẽ hoá trang thành gì 
#zodiac
#xalozodiac
-----
Cá Mập",518,3152,2840,466,94,14,12,0,193
https://www.facebook.com/xalo.zodiac/posts/pfbid0hdujRn7GPXeseeV67oae52BVMqFLkdkBopBowb8DDMgL3sx2eqHYmdnMidGrSuL1l?__cft__[0]=AZUE3p2jG8o2BaO9q8pMGnGysc5qVpw1mwffzObNK0Ng91nkFlItf4Y3IKSqzbQ0l3FPBbfTBnmujGDp3as_sdHVLVEFUkrLUmnuTYaerJoGYiqR9JGaHTeksStvXlx4qnIuo_CYdXkkxDf-5p_B2gdblTwZFWhrJXtO3-Q1C66m7uJE4fv0hGOhAdaYPy5wnLs8GXJZyKuhMu_YMgrwI5JQ&__tn__=%2CO%2CP-R,1698671689,"#zodiac
#xalozodiac
-----
Cỏ",439,2401,1762,491,36,6,4,0,82
https://www.facebook.com/xalo.zodiac/posts/pfbid0EHdgC2aopgB3xHLrTXkRADDU38Utp7DXrhhCG8x51BvreWBjkVrFbtLL5vVE393Al?__cft__[0]=AZVNqmXTndyi4n1eglpj4Y3U3pTOFPeJ6TOyfQ0jrJ7oWl3t9waSY9g9AEw66Nbo_IG_dQnsS7M0tp8dEvREHz_EOy4bHtu_T71H8mihQx_YFeDsh--n_xO2mTV-SzD93qyFxTi76P3QkTrLzsB_AFxQyhTweWbEhUY2YJldAEvaN2gCVhhbu3QZBB6IvziuecHoJOovzf1OuvdCq2Xyfyrj&__tn__=%2CO%2CP-R,1698593319,"Bạn sẽ không bao giờ thấy được vẻ nũng nịu, nhõng nhẽo của cung Đất cho tới khi nó trở thành người iuuu bạn =)))",4500,8347,8865,1971,450,94,83,4,967
https://www.facebook.com/xalo.zodiac/posts/pfbid0zwSa26NKBJsTGCg5LRn469z3i1LpWJx6qa1YggayaMhuUXLue4gFKjJQSg2nCkrkl?__cft__[0]=AZUQxAlaYiDt0zYFAXAoeQHe5UXK7LXuaru4JZdCMnooVjJpDzBsKBwOGxbtAfOKFGuNyhrB2KKrTDfav-4lApSIIoRlsiAnDuCuEt1gEgEpWRQZGhVM2L9FrcE5JhgSRdEE0VvbVyBMVSngBSArf6kypjmnXF38eXwNPVltfvu5ROzWWa41gfNWz8zuq0RBCiaJFb3xS8G_H6TJxFjsor9n&__tn__=%2CO%2CP-R,1698588365,"Thông điệp tuần mới cho 12 cung hoàng đạo 
-----
Nếu bạn có nhu cầu xem Tarot và Bản đồ sao hãy inbox trực tiếp cho Xa Lộ Tarot nha ^^
#tarot
#zodiac
#xalozodiac",653,20,9936,82,6443,145,16,1,3153
https://www.facebook.com/xalo.zodiac/posts/pfbid02qX4YwgtbGtmk8tfDaw3EwSbkuPNNBW7tLLh2UZ1z6qpkL5G2aZ2hk52bvtEsy9Vtl?__cft__[0]=AZVOuF2A36F2zjtKQIDGuo0Sm8EJ6O5Ye7rZ3Ly3RbuowlHxKFdreuwv8z-MLy5TGiiVCzO_iT7RTUvfBMgtjze5b-sZOFlc9YR3iQsI3LPzb6fP-4-9zUJbaOb8D50mJ2Uz0DfHd8JcPPTq-I2rahn_FIG_D3mMet8HF77YEAsHL38Zw2UphR5_0cnY_6kcg6mrtWYQ_07hRkSPWDU2_XYn&__tn__=%2CO%2CP-R,1698580091,"Trong một cuộc set kèo đi chơi:
- Bạch Dương, Sư Tử: ""Ê tụi mày ơi, có chỗ này vui lắm nè, tụi mình đi hong, đi thì triển liền luôn.""
- Thiên Bình, Bọ Cạp, Nhân Mã: ""Đi chứ, tới bến chiến này, có zui là có t.""
- Kim Ngưu, Xử Nữ: ""Đi có mắc hong zị, mắc quá t hỏng đi đâu nghen :<.""
- Song Tử, Ma Kết: ""Khi nào đi zậy, t bận lắm mày ơi, sợ đi hỏng đc.""
- Cự Giải: ""Đợi tao dìa xin má tao nha, tao sợ má hỏng cho đi 
""
- Song Ngư: ""Ủa tụi mày nói gì nãy giờ dọ...""
.
.
.
.
.
.
Đến ngày đi:",2975,7069,5206,2365,70,17,22,9,413
https://www.facebook.com/xalo.zodiac/posts/pfbid02FHWiAz46b13XswrpTbY8uDY5m3nfZp1ieCAMd3M7jZszuWKsa5p2s7MLanJRdzQxl?__cft__[0]=AZWvfRi_zBCeMK5UqOAGuhFUdxzdPvibuhbl3m56GWTbinh079yLMC1STGVlY69ozCwOOHufEOl7u5b_N0pXUCvp8kjeCCZd1vqU1hYWoHX2xo3X7LnpH_qYf7EqKTJu7EhgsYjUO94P93tTZxmDksEj21sbqjp5kTZLK-Dzj8Wus-CBYSSgg6zBsC7jC2-Ar7zfBwi07wIqkLp_kY8enEEB&__tn__=%2CO%2CP-R,1698510379,Cung hoàng đạo nào là liều thuốc chữa lành cho bạn,5985,188,8175,59,3652,140,14,0,645
https://www.facebook.com/xalo.zodiac/posts/pfbid02Sa7r91aK5GTVbBTwVGKQdeBTF6NmUrDGgHnEF2o4s7kVMXU4Z5zqdujUXcN6SRjnl?__cft__[0]=AZXpwZFEQp0bS7yoOH8WckNmgvXcmya9A62NO5Eb5XqS8fXIf-dFgMgd2oyCC6DAz4Ul0T5yyMHTzsUOtqvcpZEijfeCcuKkiSAoO-qUy0Z2iNULzfOOmuRVMsHxjP04q0wlvNEIpAheaj4rI8eV2_4zEnn5_J3uDQQKeRMfSvyIcVokWrHwViXCzHDZ19i0cnzsHeuvCujWZH6J7XwItZOg&__tn__=%2CO%2CP-R,1698503029,"Khoái quá tr khoái r =)))
#thienbinh
#zodiac
-----
Ghét sữa dâu",601,4327,2755,46,876,84,10,0,187
https://www.facebook.com/xalo.zodiac/posts/pfbid02q5cjcwKJeFXqE6Wh5npqFmnTZzHE4ht6Qqn5hGCXBHyxkcvFpePEK267QTum43g1l?__cft__[0]=AZWdHoeQxUrkQ-avIxztcYJPt9tIK_nf3v1ON6pW5ZR_DU9QoSuQjcfztvYvmw-i8XBrp6HURJGPAVwK-MAD1k9lqinnp_5rjbb3V6KccDr_y94mNFYL8JfOmUSqet55N3WWWZP3lu5N7bp6zFzEmbV5_DIoZzw0raB4EoHaiHRunjMr1GIkx5VSy8XqyPvOtSOqHDQNUho4mGtW_lU3QbTg&__tn__=%2CO%2CP-R,1698411689,"Xa Lộ English tuyển dụng 2 vị trí:
 Giáo viên IELTS
 Nhân viên tư vấn full-time
Nhanh tay gửi CV về email tuyển dụng của Xa Lộ English với tiêu đề [XA LỘ ENGLISH] [VỊ TRÍ APPLY] [ HỌ VÀ TÊN] để nhận job nóng hổi thoi nào
Xa Lộ English sẽ phản hồi mail trong vòng 7-10 ngày. Vì để tiết kiệm thời gian nên Xa Lộ English sẽ chỉ phản hồi mail những bạn vào vòng phỏng vấn. Cảm ơn các bạn rất nhiều.
___________________
Đến Xa Lộ English “Học” để “Dùng” cùng Giáo Án Cá Nhân (PersonalizEdu) dành cho bạn
Địa chỉ: 250 Nguyễn Đình Chính, phường 11, quận Phú Nhuận
Hotline: 0869 292 410
Website: [xalo.edu.vn](http://xalo.edu.vn/)
Insta: @xalo.english
#IELTS #hocdedung #xaloenglish #hochiminhcity #IELTS #english",5,0,172,0,45,0,0,0,16
https://www.facebook.com/xalo.zodiac/posts/pfbid035vC5FVMAWzGjQPuH17pnkrz3Y7zUANRQF2sbPsLLVtdfJE54Znsv3hEnFQD6saFrl?__cft__[0]=AZXtecjjmBYeO1OkbPtUafHrLjP4xJDlOjIdicw2rbkqUXBFLdiydaPgibW3K66CWlfrtHAGXXdJtXAUFALqhU6V6tNruf-VfaBD2bvhoYZ09zSrX_u-xio8jTL-Hc5QlFIVKLjuPM7yWc_Dk7UbqJPOwdcPb5e2OGqW8IEx4jK_uGb84d7DRsVZAfPmQic_GeHmOZZHgb8rGM1UpLOjo0w6&__tn__=%2CO%2CP-R,1698333072,"Tác giả thích bao nhiuu kịch bản 
#songngu
#zodiac
-----
Mèo con",508,3126,1805,818,72,9,6,1,218
https://www.facebook.com/xalo.zodiac/posts/pfbid0en8SL8RP8KXVYRyDCm3mVB7V9shFY6JUMsG1Q7dNxduLLC4wdhggbEGcMJed8En9l?__cft__[0]=AZUnkfCHAt79mTvjlZQbJaXPaNIk7krgqC5qG_Sm9E6so8j7VNuVPZjHUEQezH0Cgb221iQTyhg2lL5xERK5TJjhmugK67Gaq2nOF4wVVv8Mb5oDGU1-uGI42FkU3BVuJXilFH8DLI5fOj26zs24FOtYGaJ02lU3TcIpTEscStbrqiKn0CCbBjIW5YzpGjkBLOo3EA-FFIk8xLMGsuS_fmbN&__tn__=%2CO%2CP-R,1698329590,"Để chửi đứa khác 
#nhanma
#zodiac
-----
Krin",570,4452,2178,604,65,14,10,0,143
https://www.facebook.com/xalo.zodiac/posts/pfbid023VRPii2w7wjXVK7ag7t4sEDmXz78YLiZ8oR1t2pW6Zx5NBJ7kQahntJRxFXnp7gtl?__cft__[0]=AZW2453s2gIjfH2z-znu4Fq1Agv3fcz71KnFa98BrPztLxLfjhpNN7ZPEthtEgluzsg5vUNpEyzthDgpwyi4lacsPZubC4v6waD7SOu1qvemGfkdP8o9IrsFC0pgOxIjH5Su0ar-Z-8fmI-LWsCfAG3fW5_5pt35m-30qRhCW3Xm5ks_NeAeTpj_E3DCn-uqW1L72A0gFQkoTPjuq14G-yLK&__tn__=%2CO%2CP-R,1698242460,"“Vài cái” cụ thể là cả bài 
#maket
#xunu
#zodiac
-----
Mèo con",487,2411,1777,662,32,5,9,1,91
